word,freq
alimentação,637
alimentar,589
direito,489
nutricional,317
segurança,295
saúde,261
the,254
adequada,239
alimentos,237
sobre,235
humano,233
políticas,184
objetivo,174
insegurança,160
social,159
direitos,153
and,145
análise,131
públicas,128
ações,127
brasil,124
trabalho,123
fome,120
sociais,118
acesso,117
programa,117
meio,111
partir,107
produção,107
educação,106
escolar,104
nacional,104
desenvolvimento,98
sistema,97
garantia,95
pandemia,94
política,94
estado,91
san,85
forma,85
dhaa,84
agricultura,84
contexto,83
assim,83
ser,82
população,82
saudável,81
food,79
presente,78
promoção,76
nutrição,75
dados,75
pública,73
além,73
processo,72
situação,72
humanos,71
qualidade,70
sendo,69
pnae,68
consumo,68
covid,67
familiar,67
práticas,66
alimentares,66
vida,66
relação,64
analisar,63
brasileira,61
fundamental,60
–,60
famílias,59
período,58
crianças,57
construção,56
deste,56
bem,55
ainda,55
sustentável,55
federal,54
método,54
renda,52
sociedade,52
tema,52
projeto,51
base,50
maior,50
através,50
formação,50
revisão,49
perspectiva,49
importância,48
necessidade,48
campo,46
uso,46
condições,46
soberania,46
resumo,45
fim,45
ambiente,45
quanto,44
brasileiro,44
durante,44
município,44
aspectos,43
realização,42
programas,41
busca,41
profissionais,41
tratase,41
atividades,41
municípios,40
conceito,40
metodologia,40
país,39
compreensão,39
anos,39
tanto,38
abordagem,38
outros,38
todos,38
qualitativa,38
garantir,38
dessa,38
estratégias,37
gestão,37
cenário,37
ambiental,37
fortalecimento,36
bibliográfica,36
família,36
desafios,36
agrotóxicos,36
cada,36
literatura,36
atenção,35
âmbito,35
proteção,35
importante,35
alimento,35
escola,35
papel,34
documental,34
público,34
debate,33
pobreza,33
diferentes,33
pode,33
compreender,33
atuação,33
temática,33
acerca,33
realizado,32
efetivação,32
humana,32
neste,32
prevalência,32
rede,32
grupos,31
agenda,31
participação,31
grande,31
considerando,31
processos,31
los,31
apresenta,30
dimensões,30
pessoas,30
entrevistas,30
realizadas,30
questão,29
modo,29
relações,29
escala,29
rural,29
quais,29
conhecimento,29
combate,28
constituição,28
recursos,28
objetivos,28
tendo,28
saudáveis,28
nesse,28
participantes,28
promover,28
estudos,28
hábitos,28
desse,28
concluise,27
deve,27
grupo,27
crise,27
econômica,27
global,27
caso,27
implementação,27
was,27
distribuição,26
vulnerabilidade,26
legislação,26
contribuir,26
área,26
enquanto,26
lei,26
realizada,26
sistemas,26
experiência,26
públicos,26
fundamentais,26
principais,26
modelo,26
vez,26
avaliação,26
nutrition,26
experiências,26
parte,26
cultura,25
organização,25
necessidades,25
terra,25
disso,25
número,25
prática,25
outras,25
justiça,25
diante,25
temas,25
ean,25
conclusão,24
defesa,24
dentre,24
animais,24
impactos,24
local,24
internacional,24
artigos,24
produtos,24
questões,24
desta,24
região,24
comunidade,24
escolares,24
pesquisas,24
frente,23
identificar,23
aumento,23
introdução,23
reflexão,23
nível,23
municipal,23
analisados,23
sob,23
atual,23
formas,23
comunidades,23
governo,23
após,23
universidade,23
assistência,23
importantes,22
estudantes,22
sustentabilidade,22
refletir,22
dignidade,22
indivíduos,22
apesar,22
algumas,22
segundo,22
this,22
ensino,22
that,22
pensar,21
nutricionistas,21
fatores,21
serviços,21
apenas,21
conteúdo,21
elaboração,21
tal,21
povos,21
condição,21
mulheres,21
princípios,21
alimentación,21
del,21
right,21
dentro,21
básica,20
documentos,20
medidas,20
civil,20
alguns,20
pessoa,20
possível,20
respeito,20
conselho,20
paulo,20
agricultores,20
avanços,20
problema,20
usuários,20
sujeitos,20
tempo,20
ação,20
podem,20
relacionados,20
nº,20
mundo,20
agroecologia,20
diálogo,20
abastecimento,20
econômico,19
mudanças,19
discussão,19
maneira,19
cuidado,19
informações,19
dois,19
princípio,19
realidade,19
poder,19
criação,19
especialmente,19
sido,19
rua,19
profissional,19
comida,19
adolescentes,19
bolsa,19
desses,19
las,19
principal,19
popular,19
onde,19
oferta,19
junto,19
assegurar,18
disponibilidade,18
brasileiros,18
consequências,18
desigualdades,18
problemas,18
técnica,18
três,18
natureza,18
discutir,18
movimentos,18
proposta,18
atores,18
equipe,18
ter,18
utilizada,18
comercialização,18
security,18
relacionadas,18
familiares,18
indígenas,18
alunos,18
saberes,18
água,18
extensão,18
aquisição,17
internacionais,17
legal,17
mercado,17
história,17
culturais,17
econômicos,17
discussões,17
devido,17
violação,17
vista,17
único,17
dias,17
nesta,17
sentido,17
associação,17
baixa,17
desafio,17
território,17
sustentáveis,17
recomendações,17
utilização,17
sus,17
muitas,17
impacto,17
articulação,17
efeitos,17
economia,17
essencial,17
acordo,17
trabalhos,17
especial,16
têm,16
medida,16
caráter,16
permanente,16
necessário,16
setor,16
agentes,16
crítica,16
principalmente,16
ausência,16
populações,16
avaliar,16
questionário,16
propostas,16
países,16
enfrentamento,16
domicílios,16
estratégia,16
utilizouse,16
conceitos,16
controle,16
desde,16
coletiva,16
mundial,16
histórico,16
envolvendo,16
escolas,16
serviço,16
sisan,16
autonomia,16
novas,16
publicados,15
manutenção,15
potencial,15
reflexões,15
portanto,15
atuais,15
nutricionais,15
visa,15
político,15
quantidade,15
quatro,15
gerais,15
apresentar,15
ambientais,15
todo,15
qualitativo,15
cidade,15
produtores,15
human,15
trabalhadores,15
constitucional,15
falta,15
ultraprocessados,15
variáveis,15
incluindo,15
estadual,15
desenvolvidas,15
execução,15
monitoramento,15
rio,15
duas,15
longo,15
obtidos,15
atividade,15
tais,15
implantação,15
referência,15
refeições,15
instituição,15
oficina,15
infância,15
foco,14
oficiais,14
transversal,14
redução,14
resultado,14
informação,14
capitalista,14
percepção,14
dinâmica,14
locais,14
vem,14
utilizados,14
voltadas,14
dimensão,14
responsabilidade,14
visando,14
health,14
sobretudo,14
institucional,14
diversos,14
atendimento,14
possuem,14
pnan,14
características,14
aplicação,14
curso,14
educativas,14
metodologias,14
espaços,14
grandes,14
tradicional,14
estados,13
beneficiários,13
contribuição,13
desigualdade,13
universal,13
complexidade,13
texto,13
doenças,13
econômicas,13
nações,13
perfil,13
unidas,13
plano,13
desenvolvido,13
relato,13
legislações,13
luta,13
temáticas,13
américa,13
concepção,13
observação,13
presença,13
contudo,13
percepções,13
tradicionais,13
conclusões,13
todas,13
risco,13
amostra,13
feminina,13
vezes,13
sanitária,13
gênero,13
institucionais,13
school,13
necessária,13
fazer,13
instrumento,13
animal,13
consiste,13
pbf,13
adesão,13
novos,13
instrumentos,13
temperatura,13
paa,12
traz,12
consumidor,12
demais,12
ensaio,12
entrevista,12
relevância,12
outro,12
reconhecimento,12
enteral,12
porém,12
capitalismo,12
vulneráveis,12
composição,12
analisa,12
agrária,12
teórica,12
paraná,12
determinantes,12
cidadania,12
intersetorial,12
categorias,12
cultural,12
novo,12
situações,12
brazilian,12
compromisso,12
conforme,12
from,12
with,12
narrativa,12
apresentaram,12
planejamento,12
analysis,12
entanto,12
fontes,12
una,12
possui,12
descritivo,12
inclusão,12
criança,12
intuito,12
cinco,12
valores,12
materiais,12
comunicação,12
agronegócio,12
nessa,12
amostras,12
oficinas,12
contextos,11
realizar,11
exemplo,11
envolvidos,11
primeira,11
seguida,11
ponto,11
objetiva,11
parceria,11
possibilidade,11
reforma,11
contribuições,11
pois,11
semiestruturadas,11
“,11
campos,11
regular,11
agroecológica,11
ods,11
ano,11
diversidade,11
adequate,11
básicos,11
grave,11
melhoria,11
palavraschave,11
projetos,11
rurais,11
efetiva,11
mecanismos,11
modos,11
brazil,11
diretrizes,11
nutritional,11
nutrientes,11
alimentícios,11
gêneros,11
trata,11
enfoque,11
infantil,11
possibilidades,11
frutas,11
efetividade,11
descrever,11
nutricionista,11
planos,11
bases,11
indicadores,11
mudança,11
adotada,10
ampla,10
constitui,10
envolve,10
exploratório,10
geral,10
estrutura,10
levantamento,10
serem,10
desnutrição,10
dar,10
verificar,10
bioética,10
entretanto,10
menos,10
inserção,10
alta,10
domiciliar,10
via,10
latina,10
participaram,10
bibliográfico,10
qualquer,10
graduação,10
buscando,10
toda,10
dever,10
fornecimento,10
utilizando,10
digna,10
precisam,10
integrativa,10
gestores,10
orgânica,10
apresentados,10
tempos,10
insecurity,10
perspectivas,10
comer,10
conjunto,10
alimentaria,10
representa,10
preços,10
coletivo,10
amamentação,10
aprendizagem,10
essenciais,10
ativas,10
municipais,10
ned,10
apontam,10
evolução,10
espaço,10
maioria,10
final,10
cotidiano,10
construir,10
olhar,10
cnsan,10
brasileiras,9
existentes,9
existência,9
apoio,9
miséria,9
teóricas,9
teórico,9
luz,9
ética,9
debates,9
destaque,9
diversas,9
regulação,9
áreas,9
expressão,9
mediante,9
obesidade,9
segunda,9
aspecto,9
estar,9
inicialmente,9
coleta,9
fórmulas,9
minas,9
possíveis,9
buscouse,9
considerado,9
cuja,9
científicos,9
retrocesso,9
partindo,9
evento,9
milhões,9
dedutivo,9
primária,9
formulação,9
identidade,9
interdisciplinar,9
suficiente,9
atualmente,9
mostrou,9
realizouse,9
cenários,9
disponíveis,9
investigação,9
are,9
autoras,9
discute,9
classe,9
observouse,9
regime,9
evidente,9
posteriormente,9
fato,9
moderada,9
territórios,9
tornase,9
bahia,9
produzidos,9
capacidade,9
maiores,9
national,9
caminho,9
janeiro,9
transição,9
nacionais,9
nova,9
diretamente,9
merendeiras,9
responsáveis,9
alcançar,9
concluiuse,9
baseado,9
responsável,9
verificouse,9
integração,9
meios,9
processados,9
ato,9
consumption,9
obra,9
trazer,9
vistas,9
leitura,9
reconhecer,9
relevantes,9
teóricos,9
instituições,9
merenda,9
riscos,9
garantindo,9
investimento,9
integral,9
valor,9
buscou,8
governamentais,8
março,8
avanço,8
destaca,8
investigar,8
dificuldades,8
globais,8
conquista,8
marco,8
orgânicos,8
relatórios,8
autores,8
capaz,8
conteúdos,8
faz,8
consea,8
etapa,8
considerar,8
analisadas,8
concretização,8
dessas,8
enfrentar,8
educativos,8
propõe,8
saber,8
básico,8
melhor,8
empresas,8
lógica,8
científica,8
have,8
its,8
system,8
aponta,8
associados,8
associações,8
moradores,8
refere,8
contribui,8
objetivou,8
con,8
has,8
seguridad,8
were,8
década,8
restaurantes,8
setores,8
noção,8
somente,8
study,8
termos,8
proposto,8
últimos,8
entidades,8
ciclo,8
gestantes,8
níveis,8
estaduais,8
central,8
total,8
discurso,8
judicialização,8
sujeito,8
mínimo,8
objeto,8
registros,8
ampliação,8
interesse,8
demonstrar,8
mental,8
conhecimentos,8
minimamente,8
caminhos,8
centros,8
norte,8
juntamente,8
liberdade,8
capazes,8
estimular,8
mostra,8
atos,8
alto,8
valorização,8
comunitários,8
viés,8
fundo,8
binômio,8
legais,8
consumidos,8
socioambiental,8
prevenção,8
preparações,8
pósgraduação,8
horas,8
−,8
trigo,8
embora,7
união,7
operacionalização,7
resposta,7
dificuldade,7
elemento,7
iniciativas,7
menor,7
escassez,7
recente,7
apresentase,7
declaração,7
preciso,7
adequação,7
terapia,7
indicam,7
material,7
pesticidas,7
relacionada,7
transgênicos,7
direta,7
extinção,7
tange,7
destes,7
teoria,7
titulares,7
destacando,7
evidenciando,7
socialmente,7
garantam,7
imprescindível,7
passou,7
sul,7
contribuindo,7
capital,7
proposições,7
ligadas,7
about,7
article,7
marcos,7
monitoring,7
public,7
research,7
trajetória,7
intersetorialidade,7
redes,7
razão,7
socioeconômicas,7
moradia,7
quilombolas,7
efetivas,7
selecionados,7
crescente,7
desenvolvida,7
estando,7
relevante,7
ambientes,7
transferência,7
ampliar,7
corpo,7
exercício,7
significados,7
retrocessos,7
utilizado,7
diminuição,7
equipamentos,7
políticos,7
urbana,7
direção,7
antes,7
based,7
nutrición,7
textos,7
relativos,7
avaliada,7
clubes,7
objetivouse,7
semiestruturada,7
pretendese,7
técnicos,7
amplo,7
problemática,7
identificação,7
inovação,7
indígena,7
xavante,7
considerados,7
igualdade,7
jurídica,7
bemestar,7
associadas,7
residentes,7
centrais,7
financiamento,7
santa,7
publicações,7
referentes,7
apresentadas,7
pretende,7
energia,7
guia,7
kits,7
utilizadas,7
descritiva,7
extrema,7
propostos,7
fenômeno,7
seres,7
promotoras,7
primeiro,7
sempre,7
chamada,7
identidades,7
desenho,7
incentivo,7
bairro,7
eou,7
equilibrado,7
metas,7
jesus,7
limites,7
sexual,7
escolha,7
solidariedade,7
pedagógicas,7
unidade,7
conselheiros,7
demandas,7
patrimônio,7
entrevistados,7
técnicas,7
análises,7
livro,7
manifesto,7
cardápio,7
baseada,7
onu,7
trabalhador,7
distrito,6
elevada,6
emergencial,6
problematizar,6
ressaltase,6
aborda,6
apresentada,6
considerações,6
sociedades,6
abrangente,6
adotadas,6
ativa,6
focal,6
transmissão,6
crônicas,6
expressões,6
percurso,6
virtude,6
fundamento,6
obrigações,6
baixo,6
manejo,6
lado,6
estrutural,6
especificamente,6
fragilidade,6
aplicado,6
ceará,6
devem,6
ebia,6
jovens,6
menores,6
per,6
socioeconômico,6
possa,6
intervenção,6
pouco,6
aps,6
elucidar,6
permitiu,6
possibilitou,6
torno,6
garantias,6
premissa,6
referencial,6
apresentação,6
exposição,6
geração,6
humanidade,6
promovem,6
abordagens,6
fase,6
adequadas,6
continuidade,6
coronavírus,6
ian,6
been,6
established,6
ideia,6
cujo,6
domicílio,6
encontrado,6
regressão,6
estatística,6
geografia,6
variedade,6
metodológico,6
transformação,6
função,6
contribuiu,6
narrativas,6
centro,6
derecho,6
decorrentes,6
influência,6
well,6
interação,6
aulas,6
n°,6
abril,6
efetivo,6
fomento,6
found,6
atendidas,6
atingir,6
entendimento,6
inserido,6
envolveu,6
higiene,6
tratados,6
ênfase,6
finais,6
povo,6
inclusive,6
elementos,6
planetária,6
conhecer,6
fomentar,6
materno,6
expansão,6
naturais,6
catarina,6
cursos,6
unidades,6
achados,6
acompanhamento,6
alternativa,6
exigibilidade,6
idade,6
resistência,6
efetivamente,6
então,6
hipotéticodedutivo,6
frequência,6
individual,6
results,6
erradicação,6
moral,6
consolidação,6
deu,6
estabelecer,6
logo,6
torna,6
desenvolver,6
historicamente,6
proporcionar,6
sete,6
vírus,6
ótica,6
orientações,6
própria,6
fator,6
quadro,6
eficácia,6
legislativo,6
voltados,6
adoção,6
critérios,6
guerra,6
surgiu,6
comportamento,6
criado,6
modalidade,6
permitindo,6
escuela,6
santo,6
which,6
prestação,6
rotulagem,6
apresentam,6
ocorreu,6
violência,6
ferramenta,6
transformações,6
propósito,6
constitucionais,6
ecologicamente,6
capacitação,6
substâncias,6
companhia,6
visão,6
resíduos,6
hortas,6
carnes,6
doces,6
positivos,6
possibilitar,6
teor,6
quarto,6
conversa,6
viver,6
frituras,6
revolução,6
refugiados,6
eip,6
divulgação,6
auxílio,5
envolvem,5
financeiro,5
implementadas,5
revelou,5
apresentado,5
assumindo,5
comprometendo,5
críticas,5
isolamento,5
organizada,5
tomada,5
origem,5
próprio,5
inerentes,5
superação,5
acadêmica,5
consumidores,5
implicações,5
lugar,5
núcleo,5
terceiro,5
contemporâneo,5
crises,5
histórica,5
fazse,5
livre,5
reconhece,5
referências,5
trazendo,5
contribuem,5
demonstram,5
dieta,5
garantido,5
pacientes,5
dinâmicas,5
violações,5
enterais,5
macronutrientes,5
preparo,5
qualificar,5
química,5
técnico,5
benefícios,5
garanta,5
normativa,5
concentração,5
garante,5
cunho,5
progressiva,5
proibição,5
todavia,5
agroalimentar,5
sistematização,5
capita,5
possibilitando,5
testes,5
falar,5
pertinentes,5
regiões,5
falas,5
centrada,5
concepções,5
próprios,5
realizamos,5
cumprimento,5
organismos,5
pautada,5
assegurado,5
câmara,5
ocorre,5
acadêmico,5
biodiversidade,5
injustiça,5
ministério,5
ssan,5
transnacionais,5
prol,5
cuidados,5
urbanos,5
interface,5
momentos,5
melhorar,5
alimentar”,5
compra,5
focais,5
instituto,5
preocupação,5
realizados,5
suplemento,5
assentamentos,5
identificouse,5
leve,5
intersetoriais,5
mapa,5
cárcere,5
tona,5
adecuada,5
arranjos,5
comprometer,5
institutional,5
literature,5
más,5
proposed,5
such,5
populares,5
mobilizações,5
possam,5
environmental,5
healthy,5
modelos,5
production,5
regional,5
doença,5
utilizandose,5
socioeconômicos,5
categoria,5
teste,5
instâncias,5
necessárias,5
precisa,5
abaixo,5
meses,5
média,5
comparação,5
urgente,5
protocolo,5
corporações,5
finalidade,5
reflete,5
normas,5
coletivas,5
duque,5
atualidade,5
estruturais,5
vigentes,5
algo,5
jogo,5
localizada,5
sobrevivência,5
administração,5
bens,5
conta,5
demanda,5
complexo,5
crescimento,5
má,5
determinação,5
respectivamente,5
complementar,5
leite,5
submetidos,5
vinculado,5
docentes,5
recuperação,5
combater,5
definição,5
natura,5
castro,5
alternativas,5
legumes,5
linear,5
jurídico,5
jurídicos,5
existem,5
interfaces,5
consonância,5
integrada,5
versa,5
diagnóstico,5
propriedade,5
temse,5
graduandos,5
presentes,5
restrição,5
verdade,5
várias,5
aproximação,5
participativa,5
preservação,5
assunto,5
estruturas,5
muitos,5
critério,5
outra,5
pandêmico,5
cadeia,5
produzir,5
conceituais,5
construídos,5
distanciamento,5
início,5
líderes,5
momento,5
observar,5
imprescindíveis,5
neoliberal,5
interações,5
not,5
iniciativa,5
verduras,5
vivência,5
membros,5
participante,5
pedagógica,5
uan,5
implantado,5
cardápios,5
produtiva,5
relatos,5
paradigma,5
products,5
desemprego,5
tipo,5
multidimensional,5
concretas,5
legislativos,5
leis,5
freire,5
rodas,5
aprendizado,5
cultivo,5
metodológicos,5
casa,5
interdisciplinaridade,5
criar,5
possibilita,5
plt,5
hunger,5
bebês,5
culturas,5
exige,5
específicos,5
aprender,5
desperdício,5
folhosos,5
questionários,5
cores,5
interior,5
agropecuária,5
agrícola,5
conflitos,5
verde,5
águas,5
máximos,5
residuos,5
específica,5
inclusivo,5
insumos,5
concorrência,5
eliminação,5
fao,5
contação,5
revista,5
julho,4
adaptações,4
sanitárias,4
fenômenos,4
necessários,4
contou,4
destacamse,4
distintas,4
face,4
trabalhar,4
advindos,4
apresentando,4
oferecer,4
partes,4
transmissíveis,4
estabelecidos,4
losan,4
pátria,4
solo,4
enfrentados,4
financeiros,4
fragilidades,4
observase,4
tratamento,4
agravamento,4
contribuíram,4
empírico,4
insuficiência,4
produto,4
doi,4
educativo,4
especiais,4
portadores,4
promovendo,4
convencional,4
hora,4
igualmente,4
desmonte,4
padrão,4
determinado,4
governamental,4
indispensável,4
natural,4
associada,4
fortemente,4
quiquadrado,4
significativo,4
buscar,4
evidenciaram,4
oeste,4
politicamente,4
suporte,4
desenvolvem,4
maio,4
tomando,4
tratada,4
contradições,4
parece,4
resgatar,4
exigências,4
implica,4
abertas,4
agroecológico,4
grosso,4
tribunal,4
mitigar,4
portal,4
scielo,4
science,4
sociobiodiversidade,4
entender,4
pequenos,4
índices,4
desenvolvidos,4
necessita,4
temáticos,4
challenges,4
documentary,4
históricos,4
orientação,4
various,4
buscam,4
emenda,4
futuro,4
pnps,4
segura,4
escolaridade,4
convidados,4
existente,4
ficou,4
ibge,4
oriundos,4
termo,4
urbanas,4
validação,4
“alimentação,4
verificada,4
consideramos,4
frágil,4
territorial,4
acessibilidade,4
estabilidade,4
promovam,4
representando,4
analisado,4
causada,4
podendo,4
última,4
semiárido,4
acciones,4
actions,4
analizar,4
analyze,4
apontado,4
artículo,4
coordenação,4
crisis,4
federais,4
identified,4
information,4
institucionales,4
may,4
monitoreo,4
performed,4
policies,4
policy,4
program,4
racial,4
realizó,4
século,4
humanas,4
lutas,4
mão,4
segmentos,4
climáticas,4
estratégicos,4
forte,4
revela,4
análisis,4
diet,4
existe,4
field,4
foods,4
instituiu,4
representativa,4
scope,4
socioculturais,4
these,4
understanding,4
vêm,4
favorecendo,4
melhora,4
reconhecido,4
cdfnde,4
disto,4
presenciais,4
reflexos,4
suspensão,4
adotouse,4
alimentarias,4
approach,4
descentralização,4
inovadora,4
participativo,4
practices,4
prácticas,4
publicação,4
years,4
coletados,4
elevados,4
pressão,4
bebidas,4
ocorrência,4
patrocinadores,4
patrocínio,4
encontradas,4
quilombola,4
significativas,4
demonstraram,4
efetivado,4
indústria,4
apontaram,4
comunitária,4
requer,4
componentes,4
destacase,4
qualificação,4
tornando,4
comercializados,4
estruturado,4
arcabouço,4
trabalhadora,4
amorosidade,4
caxias,4
individuais,4
parcerias,4
pressuposto,4
motivo,4
terras,4
vinculados,4
abrangência,4
pensamento,4
constituir,4
populacional,4
algum,4
adequado,4
disciplinas,4
pedagógico,4
relatar,4
secretarias,4
organizados,4
acessar,4
discursos,4
viabilizar,4
josué,4
pioneira,4
amazônia,4
between,4
efeito,4
hortaliças,4
scenario,4
avançar,4
adaptação,4
decorrente,4
indivíduo,4
pais,4
analisada,4
esforços,4
esperase,4
custos,4
mero,4
passar,4
percebese,4
prejudiciais,4
fonte,4
formal,4
propriedades,4
recurso,4
atuam,4
fortalecendo,4
seleção,4
iniciou,4
hipótese,4
analisou,4
encontro,4
parâmetros,4
preceitos,4
dezembro,4
normativos,4
piauí,4
diz,4
empoderamento,4
obras,4
procedimentos,4
respeitando,4
depende,4
interesses,4
regulamentação,4
apoderamento,4
relacionado,4
seis,4
trabalhistas,4
nesses,4
aplicações,4
demonstra,4
estratégica,4
estratégico,4
indicando,4
pesquisaação,4
específicas,4
visto,4
destacar,4
particular,4
trabalhadoresas,4
atuar,4
obter,4
antônio,4
diário,4
meals,4
studies,4
danos,4
cidades,4
plataforma,4
seção,4
fnde,4
terreiros,4
representam,4
equitativa,4
regionais,4
sadia,4
esfera,4
dada,4
ordem,4
vivências,4
consumir,4
preparação,4
caracterizar,4
edição,4
evidenciar,4
freireana,4
pedagogia,4
tornouse,4
física,4
precarização,4
levou,4
livros,4
analisouse,4
elaborados,4
ademais,4
legislation,4
method,4
rdc,4
entregadores,4
agosto,4
democrático,4
vários,4
organizações,4
campus,4
permanência,4
práxis,4
cooperação,4
estimulando,4
órgãos,4
sistemática,4
consulta,4
contra,4
permite,4
homem,4
priorizar,4
vitamina,4
melhores,4
culinária,4
dialógica,4
educacionais,4
plansan,4
sanitários,4
idosos,4
prevalências,4
seguintes,4
sexo,4
proporção,4
destinados,4
agrícolas,4
fornecer,4
ciências,4
feiras,4
departamento,4
aproximadamente,4
bancos,4
sal,4
teores,4
considerada,4
encontrados,4
diferenças,4
necropolítica,4
perguntas,4
tão,4
direcionadas,4
fundos,4
notase,4
pesticides,4
systems,4
integralidade,4
interprofissionais,4
pouca,4
menu,4
ricas,4
surgimento,4
universo,4
abordar,4
anvisa,4
bilhões,4
negativos,4
analysed,4
europeia,4
ressaltar,4
ultrapassar,4
estatal,4
corte,4
nutricídio,4
oportunidade,4
new,4
rights,4
respostas,4
poços,4
adotado,4
químicas,4
pioneiro,4
lactuca,4
nitrate,4
nitrato,4
sativa,4
comseajf,4
explorados,4
pgpm,4
paaleite,4
“san,4
comerciais,4
processamento,4
grãos,4
ppgdrs,4
concreta,3
fundamentalmente,3
físico,3
imediata,3
mínima,3
amenizar,3
conter,3
crítico,3
milhares,3
protagonista,3
limitações,3
passando,3
ante,3
argumentase,3
expressa,3
alimentício,3
hábito,3
consciência,3
contornos,3
disputa,3
encontrase,3
excesso,3
optouse,3
terceira,3
tríade,3
adequados,3
conferência,3
expor,3
pacto,3
resultaram,3
conquistas,3
significado,3
décadas,3
evidencia,3
incorporação,3
ligados,3
metade,3
oferecida,3
circulação,3
obrigação,3
relativas,3
último,3
atualização,3
custo,3
dez,3
digital,3
hospitalar,3
ofertada,3
secretaria,3
vivenciada,3
compreendido,3
obtenção,3
regulamentam,3
relaciona,3
amparo,3
excludente,3
hoje,3
permanece,3
caribe,3
encontra,3
enfrenta,3
feita,3
disponibilizados,3
duplo,3
biológica,3
chamado,3
conceitual,3
inerente,3
outubro,3
corporal,3
identificada,3
podemos,3
índice,3
identificamos,3
segue,3
abrangentes,3
catarinense,3
destacaram,3
haver,3
interlocução,3
teóricometodológico,3
transcritas,3
havia,3
complexa,3
construindo,3
contaminantes,3
dhaas,3
geneticamente,3
simbólico,3
simbólicos,3
dizer,3
cartografia,3
levando,3
mato,3
quantitativos,3
coloca,3
elementar,3
julgamento,3
pauta,3
relativa,3
superior,3
agroecológicos,3
contextualizar,3
emprego,3
google,3
governança,3
concentrado,3
mercadoria,3
partiu,3
privada,3
sites,3
transporte,3
compreendida,3
expressam,3
metodológicas,3
primários,3
actors,3
all,3
construction,3
dietary,3
estabelecido,3
organic,3
progress,3
thus,3
vigilância,3
drogas,3
paz,3
pressupostos,3
saúdedoença,3
atrelada,3
boa,3
nordeste,3
ocupação,3
utilizar,3
àqueles,3
apontou,3
conduziram,3
denominada,3
depoimentos,3
modificações,3
preço,3
quantitativa,3
reserva,3
subsídios,3
“qualidade,3
“segurança,3
avaliadas,3
encontrada,3
sergipe,3
demonstrou,3
cidadã,3
considerem,3
entendida,3
paraíba,3
penitenciário,3
precárias,3
relacionam,3
totalizando,3
determinar,3
enfraquecimento,3
mostram,3
piora,3
inseridos,3
according,3
afeta,3
aims,3
causando,3
comitê,3
context,3
government,3
hegemônico,3
homepages,3
mitigação,3
obstante,3
pandemic,3
salud,3
sources,3
desdobramento,3
minimizar,3
mostramse,3
prioridade,3
además,3
ampliada,3
analyzed,3
aproximar,3
así,3
but,3
componente,3
esforço,3
han,3
including,3
produtivos,3
two,3
aumentando,3
consequentemente,3
pessoal,3
zero,3
excepcional,3
matriculados,3
resolução,3
ressignificação,3
advances,3
avances,3
años,3
challenge,3
constatouse,3
evaluation,3
implementación,3
implementation,3
mantém,3
paradigmas,3
present,3
regarding,3
sistematizar,3
there,3
campeonato,3
copa,3
identificados,3
jogos,3
obtidas,3
receitas,3
significativa,3
títulos,3
referente,3
saneamento,3
garantem,3
cozinha,3
médio,3
comércio,3
discutese,3
inadequadas,3
reduzir,3
seguros,3
equidade,3
ajudam,3
favor,3
lucro,3
protagonismo,3
devese,3
identificou,3
estabelecidas,3
incorporar,3
interpretação,3
professores,3
sustentável”,3
configuração,3
contínuo,3
levam,3
“território”,3
decisões,3
observância,3
superiores,3
tribunais,3
biológicas,3
estudada,3
aleitamento,3
foz,3
aprofundamento,3
industrial,3
produzindo,3
apontados,3
currículo,3
discentes,3
disciplinar,3
reestruturação,3
exitosas,3
expectativa,3
subsidiar,3
consideradas,3
desconhecimento,3
emancipação,3
ferramentas,3
emergência,3
produções,3
alicerçada,3
efetivar,3
previsto,3
availability,3
comprometimento,3
households,3
used,3
diferença,3
pesquisadores,3
software,3
tratouse,3
entrega,3
proporcionou,3
amartya,3
capacidades,3
liberdades,3
sen,3
fome”,3
mostrando,3
filosofia,3
kant,3
progresso,3
aqui,3
evidenciase,3
gama,3
oportunidades,3
permitam,3
simples,3
carne,3
referido,3
bibliografia,3
inferior,3
próximo,3
beneficiárias,3
hegemônicos,3
metodológica,3
perpassando,3
voz,3
currículos,3
anterior,3
configura,3
considerável,3
contaminação,3
obteve,3
online,3
secundárias,3
conclui,3
iny,3
incluir,3
representatividade,3
tarefa,3
contemplar,3
preocupações,3
tópicos,3
decretos,3
publicadas,3
tratam,3
abordaremos,3
comunitárias,3
pilares,3
planeta,3
categorização,3
afirmação,3
considerandose,3
cujas,3
reconhecem,3
quantidades,3
analítico,3
marcado,3
próprias,3
serviu,3
cartas,3
encontros,3
nessas,3
registro,3
atingidas,3
entidade,3
porto,3
preconizado,3
proporcionada,3
roteiro,3
aliada,3
explorar,3
orientam,3
pontos,3
conexão,3
descreve,3
estabelecimento,3
organizacional,3
relatório,3
situar,3
acolhimento,3
dialógicas,3
movimento,3
aplicados,3
democráticos,3
mapas,3
tecnologias,3
exploratória,3
eficaz,3
apresentamos,3
transformar,3
arranjo,3
diversificação,3
can,3
consistiu,3
constituída,3
identities,3
produzido,3
recorte,3
understand,3
indica,3
responder,3
espécie,3
glúten,3
jurisprudência,3
proteína,3
verificase,3
ceasas,3
caracteriza,3
convergência,3
real,3
racismo,3
reivindicações,3
fila,3
funcionários,3
adolescente,3
força,3
fundamentar,3
escopo,3
repercussões,3
sustenta,3
oposição,3
solos,3
tendências,3
construído,3
gerar,3
moderno,3
problematiza,3
sala,3
acima,3
composta,3
cozida,3
guarnição,3
metropolitana,3
propagação,3
recomendado,3
salada,3
alteração,3
demetra,3
intervenções,3
minimizem,3
orientar,3
predomínio,3
conferências,3
contextualização,3
provenientes,3
relations,3
adotar,3
conscientização,3
educadoras,3
mínimos,3
seminário,3
voltado,3
contraposição,3
demonstrando,3
modernização,3
previstos,3
químicos,3
abstract,3
balanced,3
constitutional,3
destacouse,3
ecologically,3
environment,3
genetically,3
impact,3
keywords,3
labeling,3
ogms,3
organisms,3
transgenic,3
use,3
disciplina,3
setembro,3
cesta,3
cumprindo,3
provisão,3
logística,3
observado,3
recebidos,3
remotas,3
fruto,3
viola,3
casas,3
mensal,3
sociodemográfico,3
acreditam,3
bloco,3
estabelecida,3
evidenciam,3
instância,3
pnsan,3
sim,3
envolvidas,3
estudantil,3
normativas,3
percorrido,3
certamente,3
nove,3
atender,3
utiliza,3
acadêmicos,3
conservação,3
buscase,3
elaborado,3
especializada,3
evidenciada,3
flexibilização,3
mundiais,3
poderiam,3
destarte,3
igualitária,3
perpassa,3
havendo,3
discutem,3
negação,3
quintais,3
aderiram,3
mesma,3
mês,3
conversas,3
educacional,3
enfoques,3
desenvolveu,3
estratégicas,3
futuros,3
indicador,3
obssanrs,3
piloto,3
ideias,3
observacional,3
participam,3
escoamento,3
compartilhamento,3
entes,3
banco,3
melhorias,3
apresentou,3
comparados,3
obtiveram,3
refinado,3
sais,3
tipos,3
investigado,3
carolina,3
corpus,3
despejo,3
maria,3
advindas,3
contempladas,3
equilíbrio,3
expostas,3
ofertando,3
reuniões,3
roda,3
vertentes,3
vulnerabilidades,3
vínculos,3
multiprofissional,3
abandono,3
etc,3
responsabilidades,3
senso,3
agroindustrial,3
countries,3
made,3
regulation,3
contínua,3
sofrimento,3
estudar,3
reprodução,3
spf,3
gordurosas,3
monotonia,3
vegetais,3
“regular”,3
acúmulo,3
socioeconômica,3
tecnologia,3
avança,3
censo,3
contingente,3
european,3
limits,3
maximum,3
pesticide,3
residue,3
residues,3
pleno,3
faixa,3
commodities,3
empregada,3
modernidade,3
passaram,3
satisfação,3
identificando,3
compõe,3
ampliando,3
ensinar,3
interdisciplinares,3
linha,3
lúdica,3
pet,3
usuário,3
órgão,3
estudado,3
fevereiro,3
primeiramente,3
governos,3
operacionais,3
argentina,3
interamericana,3
personalidade,3
benefício,3
matriculadas,3
receber,3
refeição,3
culinárias,3
agroecológicas,3
biológico,3
camponesas,3
suficientes,3
letivos,3
relataram,3
versão,3
participar,3
positiva,3
negra,3
terceirizada,3
mercados,3
nota,3
will,3
educandos,3
agravou,3
caldas,3
código,3
interconexão,3
contemporânea,3
auxiliar,3
permissiva,3
juiz,3
descontinuidade,3
grau,3
geográfico,3
barreiras,3
podese,3
divisão,3
constatar,3
acervo,3
distribuídas,3
recomendação,3
levels,3
organization,3
é”,3
“comsea,3
conab,3
estoques,3
evidências,3
almoço,3
médias,3
ºc,3
línguas,3
rompimento,3
aprendizes,3
marinheiros,3
envolveram,3
injc,3
biofortificação,3
auditiva,3
grupoalvo,3
minutos,3
motivar,3
fitos,3
gts,3
tecnológicas,3
alcance,2
ameaça,2
básicas,2
cestas,2
doação,2
insuficientes,2
prover,2
autoridades,2
ressalta,2
ressaltando,2
escolhas,2
necessariamente,2
espectro,2
materializado,2
afetam,2
diferenciada,2
focus,2
médicos,2
relacional,2
assumidas,2
carências,2
desmontes,2
industrializados,2
sobrepeso,2
aceita,2
concreto,2
denunciam,2
exame,2
imediato,2
múltiplo,2
pertinência,2
progressividade,2
progressivo,2
respeitar,2
tese,2
conhecida,2
definições,2
democráticas,2
inicial,2
‒,2
evoluiu,2
limitação,2
longitudinal,2
regulamentações,2
últimas,2
conjuntural,2
intrínseca,2
jornais,2
alcançados,2
artesanais,2
belo,2
distância,2
equipes,2
horizonte,2
direitoà,2
fiscalização,2
inúmeros,2
largamente,2
sementes,2
cidadãos,2
fundiária,2
permanecem,2
breve,2
democrática,2
focaliza,2
obstáculo,2
enfatiza,2
predominante,2
consagrados,2
discorrer,2
empírica,2
mera,2
respeitada,2
vai,2
“alimento,2
concluir,2
significativos,2
utilizou,2
determinante,2
específico,2
fraterno,2
linhas,2
indicaram,2
apropriação,2
aproximações,2
biomédica,2
aas,2
ambientalmente,2
biologicos,2
configuram,2
continuar,2
evidenciado,2
justo,2
modificado,2
basilares,2
circunstâncias,2
colocadas,2
quaisquer,2
consideração,2
douradosms,2
pesquisadora,2
produtor,2
qualitativos,2
discutido,2
geram,2
inaceitável,2
incidência,2
particulares,2
repercussão,2
revelado,2
assentados,2
capes,2
indissociável,2
meta,2
periódicos,2
sustento,2
caracterização,2
determinada,2
explicar,2
marxista,2
poucas,2
propõese,2
surge,2
traços,2
assistenciais,2
esferas,2
facilitação,2
academia,2
biográfica,2
contribute,2
law,2
living,2
political,2
presents,2
promotion,2
protection,2
resgate,2
society,2
unified,2
vivo,2
who,2
whole,2
abrangendo,2
abusivo,2
cortes,2
críticos,2
físicas,2
incertezas,2
prioridades,2
tabaco,2
álcool,2
calculouse,2
chefe,2
demográficas,2
encontrouse,2
estatisticamente,2
localizado,2
naqueles,2
pior,2
poisson,2
reforça,2
access,2
alimentação”,2
alimentos”,2
aparência,2
diagnosticar,2
edital,2
escolhidos,2
investigados,2
nenhum,2
paulista,2
recorrentes,2
saudável”,2
scale,2
suficiente”,2
variada”,2
“insegurança,2
ora,2
concluímos,2
mapeamentos,2
procedimento,2
retorno,2
equânime,2
feminino,2
fere,2
mulher,2
observamos,2
superem,2
agrava,2
aumentou,2
despeito,2
observando,2
orçamentos,2
parcelas,2
comensalidade,2
etnográfico,2
norteadores,2
observados,2
redações,2
servidos,2
alimentario,2
amplifica,2
autorização,2
brasileño,2
committee,2
considering,2
desafíos,2
directrices,2
distribution,2
feeding,2
first,2
fuentes,2
garantía,2
gerenciamento,2
gobierno,2
guidelines,2
however,2
impacts,2
información,2
narrative,2
pueden,2
repercutir,2
review,2
setbacks,2
siglo,2
systematized,2
todavía,2
utilizaron,2
ámbito,2
capitalistas,2
continuam,2
imperativas,2
materialização,2
significou,2
ameaças,2
colocados,2
dominante,2
justas,2
sindemia,2
sinergia,2
afetivas,2
agroecological,2
also,2
amplia,2
analizaron,2
composition,2
conceptual,2
defendidas,2
developed,2
development,2
documents,2
eating,2
entrada,2
estatuto,2
estudio,2
fields,2
focused,2
how,2
inclui,2
instituyó,2
issues,2
largo,2
models,2
noción,2
notion,2
observa,2
observed,2
only,2
orientados,2
originais,2
over,2
pautados,2
producción,2
propôsse,2
referida,2
respecto,2
saludable,2
since,2
sustainability,2
también,2
tras,2
xxi,2
deveres,2
estímulo,2
investimentos,2
adquiridos,2
atribuições,2
autorizou,2
executoras,2
ocorridas,2
ocorrido,2
promulgação,2
regulamentada,2
tomadas,2
bibliographic,2
collective,2
datos,2
decentralization,2
documentais,2
fue,2
fundamentandose,2
guarantee,2
instituída,2
investigación,2
mechanisms,2
nacionales,2
paper,2
process,2
processes,2
regulatory,2
related,2
resources,2
retroalimentar,2
search,2
situation,2
teses,2
theory,2
using,2
aferição,2
confiança,2
expressos,2
hiperglicemia,2
intervalo,2
materna,2
pressóricos,2
campeonatos,2
classificação,2
comum,2
contemplou,2
esporte,2
evidenciouse,2
futebol,2
identificadas,2
libertadores,2
marketing,2
patrocíniospublicidade,2
prevalente,2
torcedores,2
volume,2
bastante,2
iamg,2
intradomiciliar,2
perpassam,2
quilombo,2
remanescentes,2
revelando,2
tendência,2
distante,2
julgados,2
lobby,2
medicamentos,2
representantes,2
predominância,2
salário,2
vão,2
confiabilidade,2
ruas,2
degradação,2
objetivase,2
vidas,2
estatais,2
exercem,2
opera,2
primordial,2
educar,2
notadamente,2
consultas,2
dá,2
indicar,2
pessoais,2
sinaliza,2
abordados,2
bibliográficadocumental,2
cerrados,2
concebido,2
desigual,2
destruição,2
discutimos,2
leva,2
retirada,2
sentidos,2
territorialidade,2
direto,2
dispõe,2
generosidade,2
judiciais,2
judiciário,2
lesão,2
reivindicado,2
supremo,2
séria,2
vinculase,2
epidemia,2
retomada,2
campina,2
chances,2
perda,2
acreditase,2
comprometem,2
contemplam,2
financeira,2
iguaçu,2
institucionalizada,2
intoxicação,2
larga,2
liga,2
médica,2
múltiplas,2
assessoria,2
avaliações,2
curricular,2
curriculares,2
docente,2
estruturante,2
externa,2
florianópolis,2
implantada,2
pedagógicos,2
realizam,2
turmas,2
buscados,2
fazendo,2
matéria,2
protocolos,2
sondas,2
literalmente,2
poucos,2
concomitância,2
daqueles,2
teorias,2
compreenda,2
conheça,2
incentivem,2
perante,2
reside,2
solidária,2
adolescents,2
adulta,2
dependência,2
effect,2
level,2
prevalence,2
unhealthy,2
urban,2
vegetables,2
abordada,2
cabendo,2
executar,2
omissão,2
atendidos,2
curitiba,2
priorizando,2
almeja,2
baixos,2
legislativas,2
plena,2
pretendeu,2
zero”,2
consequência,2
autora,2
comprometido,2
delinear,2
esclarecimento,2
extraído,2
kantiana,2
alterar,2
brevemente,2
convenções,2
fortalecer,2
reivindicação,2
relativo,2
altíssimos,2
imperativo,2
socioambientais,2
tornála,2
tratálo,2
floresta,2
homens,2
integram,2
materialidade,2
posse,2
entraves,2
lacunas,2
potencialidades,2
protagonistas,2
trazemos,2
valorizar,2
vivenciados,2
fizeram,2
reconhecerem,2
semestre,2
contenção,2
parcial,2
períodos,2
carga,2
estabeleceuse,2
resultando,2
aldeias,2
karajá,2
situada,2
abordado,2
aparece,2
comprometida,2
disciplinares,2
esperado,2
sistêmico,2
universidades,2
aprimoramento,2
ciência,2
incluem,2
alcançando,2
conjuntura,2
exercendo,2
prerrogativas,2
antigo,2
decorrência,2
nortearam,2
articular,2
engloba,2
fraser,2
nancy,2
pressupõe,2
mesa,2
recomendase,2
respectivas,2
beneficiária,2
examinar,2
indagar,2
percentual,2
realizandose,2
aprovação,2
causas,2
conjunta,2
operacionalizar,2
privados,2
sociopolíticas,2
bibliográficas,2
correta,2
explorado,2
sinérgica,2
sistemático,2
cujos,2
filantrópica,2
baseadas,2
bons,2
demonstrouse,2
lúdicas,2
toledopr,2
culminou,2
difusão,2
gravidade,2
propositivo,2
demandam,2
dialogam,2
dialógicos,2
emergem,2
instabilidade,2
participativas,2
viabilizam,2
vivem,2
ambos,2
crucial,2
cumprir,2
democracia,2
desmantelamento,2
salvador,2
falha,2
positivação,2
privadas,2
reflexiva,2
caracterizado,2
subsistência,2
tornam,2
cras,2
equipamento,2
eventuais,2
resultante,2
tratar,2
agravada,2
relacionar,2
paradoxo,2
pobres,2
alumnos,2
analyzes,2
apuntan,2
assistencialista,2
bias,2
configurou,2
diary,2
done,2
día,2
emergiram,2
estigmatizada,2
estigmatizadas,2
ethnographic,2
etnografia,2
fundamentada,2
integre,2
objetivando,2
presenta,2
relation,2
second,2
show,2
stigmatized,2
students,2
support,2
tende,2
teóricometodológica,2
une”,2
valoriza,2
what,2
work,2
“la,2
”,2
decidirem,2
hegemônica,2
odss,2
posto,2
surgem,2
celíaca,2
contratos,2
descumprimento,2
fornecedor,2
informar,2
ingestão,2
venda,2
ambas,2
dha,2
embalagens,2
embasamento,2
falhas,2
padronização,2
privado,2
supermercados,2
vigência,2
afirmar,2
imposta,2
obrigatoriedade,2
resoluções,2
site,2
virtual,2
inovador,2
africana,2
afrorreligiosos,2
cena,2
produziram,2
humanista,2
mediação,2
problematizada,2
produzidas,2
importâncias,2
judicial,2
argumento,2
carta,2
coletivos,2
magna,2
mostrar,2
utilidade,2
aportes,2
propor,2
apoiado,2
contrahegemônicas,2
detectar,2
visibilidade,2
colocou,2
estilo,2
aula,2
lasan,2
especificidades,2
dia,2
encontraramse,2
fortaleza,2
jantar,2
opção,2
produzida,2
recebimento,2
sabese,2
seguindo,2
servidas,2
adequadadoi,2
integrantes,2
permitiram,2
utilizaramse,2
articulações,2
decreto,2
destacados,2
highlighted,2
interministerial,2
some,2
tendem,2
desempate,2
eficiência,2
janela,2
continuada,2
demandando,2
ensinoaprendizagem,2
goiás,2
mobilização,2
pautado,2
riqueza,2
alinhadas,2
empregadas,2
fragmentação,2
populacionais,2
rendimentos,2
ritmo,2
salários,2
compreendeuse,2
defende,2
deveriam,2
lazer,2
margem,2
futuras,2
passado,2
fraternidade,2
paas,2
aumentar,2
consecução,2
elevadas,2
fundamentouse,2
malthus,2
científicas,2
complexity,2
genética,2
gmos,2
modificados,2
modified,2
need,2
observou,2
potenciais,2
principle,2
publicidade,2
risks,2
safety,2
view,2
jornalísticos,2
ressaltou,2
sociologia,2
constitucionalmente,2
violados,2
prevista,2
tampouco,2
colaboradores,2
contas,2
enfrentadas,2
investigações,2
montagem,2
panorama,2
tornaram,2
mil,2
elevado,2
recorre,2
seções,2
afetar,2
investigou,2
reforçam,2
rendimento,2
significante,2
teresina,2
constroem,2
discursivo,2
entrevistadas,2
proposição,2
usuárias,2
mandados,2
prestar,2
afirmam,2
civil”,2
decisão,2
dhaa”,2
dsc,2
lefevre,2
oito,2
reforçaram,2
colaborar,2
mútuo,2
constituem,2
colaborativa,2
conselhos,2
interpretados,2
mencionadas,2
cooperativa,2
joão,2
superando,2
completa,2
promove,2
dignos,2
inalienável,2
naquilo,2
alimentarse,2
ingeridos,2
magnésio,2
filosóficas,2
filósofos,2
negligência,2
tutores,2
alimentícias,2
convencionais,2
panc,2
arenas,2
avançado,2
sofrem,2
voluntária,2
carência,2
denotando,2
estruturadas,2
questionamento,2
usouse,2
vitória,2
vulnerável,2
favoráveis,2
problematizadas,2
questionados,2
responderam,2
whatsapp,2
cruzamento,2
observatório,2
iniciais,2
receberam,2
ajudar,2
entendese,2
serve,2
descritores,2
desfecho,2
probabilidade,2
acontecem,2
dhana,2
diversificados,2
moderna,2
aproveitamento,2
distribuídos,2
faculdade,2
informativos,2
instagram,2
verbal,2
alcançada,2
compõem,2
expectativas,2
federados,2
manter,2
mapear,2
realizaram,2
refletiu,2
feito,2
propondo,2
conformidade,2
estabelece,2
iodo,2
microscópica,2
padrões,2
portaria,2
triplicata,2
cor,2
incluiu,2
iniquidade,2
parcela,2
sociodemográficas,2
sugerindo,2
adentrar,2
data,2
dense,2
favela,2
lives,2
objective,2
phenomenon,2
possible,2
three,2
through,2
arte,2
bebê,2
continua,2
contraponto,2
corpo”,2
criando,2
cuidar,2
encontramse,2
garantidos,2
imposto,2
infantis,2
infâncias,2
infância”,2
interrelações,2
literaturas,2
passo,2
pensada,2
pensamentos,2
pucsp,2
romper,2
santos,2
tecida,2
tecnológicos,2
versam,2
virtuais,2
“história,2
“é,2
agravos,2
estabelecem,2
estruturação,2
importam,2
discutindo,2
doméstico,2
domésticos,2
humanizado,2
afetando,2
costumes,2
despertar,2
envolvimento,2
focado,2
focando,2
prazer,2
promoveram,2
sucesso,2
unesco,2
visitas,2
viçosa,2
colombia,2
colômbia,2
exploração,2
generate,2
panama,2
panamá,2
significant,2
world,2
atuantes,2
intra,2
camponeses,2
formações,2
gera,2
pará,2
doce,2
enxofre,2
estabelecimentos,2
fritura,2
iguais,2
suprir,2
“aspetos,2
“bom”,2
“péssimo”,2
“ruim”,2
“ótimo”,2
≥,2
fundamentação,2
iniciação,2
interconexões,2
ínterim,2
agropecuário,2
agência,2
categorizados,2
cerca,2
chegou,2
comparandose,2
considerase,2
criouse,2
empresários,2
exclusivamente,2
exploratórias,2
exportações,2
fatos,2
flexibiliza,2
gravemente,2
impactado,2
pecuária,2
sarscov,2
transpandêmico,2
vigente,2
viuse,2
acefato,2
ativos,2
available,2
carbendazim,2
considerations,2
detectados,2
europa,2
europea,2
glifosato,2
informes,2
ingredientes,2
instrument,2
límites,2
most,2
reports,2
tienen,2
union,2
unión,2
apontar,2
eletrônicas,2
ordenamento,2
vias,2
bibliográficodocumental,2
basta,2
conduta,2
diárias,2
etária,2
presta,2
globalização,2
notas,2
pós,2
atitudes,2
branca,2
recebida,2
referidas,2
submetida,2
assegura,2
exigência,2
praticidade,2
calamidade,2
explícito,2
assuntos,2
atendendo,2
ativamente,2
atribuir,2
chave,2
coletivamente,2
condutor,2
cíclico,2
despertando,2
enfermagem,2
favorece,2
fio,2
formativos,2
interprofissional,2
particularidades,2
pensamos,2
permaneceram,2
reciclagem,2
reduzindo,2
reorientação,2
troca,2
vivas,2
impactam,2
informal,2
matérias,2
ligação,2
manteve,2
produtivo,2
dividida,2
jurisprudencial,2
previsão,2
correlação,2
fito,2
quantitativo,2
realiza,2
referenciais,2
título,2
implementar,2
respectivos,2
ancestral,2
bolívia,2
firmadas,2
fiscais,2
nela,2
paraguai,2
sentença,2
descaso,2
preferência,2
severamente,2
amazônica,2
emancipatórios,2
exposto,2
universitária,2
agroecossistemas,2
cariri,2
configurações,2
geográfica,2
suma,2
verificamos,2
trouxe,2
altas,2
alvo,2
stata,2
sudoeste,2
acs,2
etapas,2
formam,2
adaptado,2
avaliados,2
classificados,2
custódia,2
reeducandos,2
universais,2
acreditamos,2
potencializar,2
reporta,2
utilizamos,2
aperfeiçoamento,2
contratuais,2
prestam,2
servido,2
ausente,2
cadeias,2
funções,2
antecedem,2
front,2
future,2
indutivo,2
inherent,2
primordiais,2
regimes,2
resumoo,2
tecidas,2
bardin,2
clínica,2
discrepâncias,2
implantadas,2
tocante,2
amazonas,2
compras,2
armazenamento,2
educador,2
educando,2
aliança,2
reforço,2
envolvido,2
averiguar,2
dispositivos,2
repassados,2
violado,2
intensa,2
prioriza,2
cdc,2
parcialmente,2
ideais,2
iniquidades,2
sistêmicos,2
visam,2
especificidade,2
mencionavam,2
empregouse,2
incremento,2
intervir,2
confecção,2
painéis,2
proporcionando,2
horário,2
iansan,2
motivos,2
verdes”,2
“cestas,2
consultório,2
convívio,2
operacional,2
vacinação,2
subdesenvolvimento,2
sugere,2
afetadas,2
foucault,2
michel,2
vinte,2
exclusão,2
implicados,2
migrantes,2
portuguesa,2
destinação,2
pragas,2
preconizados,2
seguidos,2
agriculture,2
nations,2
oms,2
parameters,2
specific,2
united,2
vegetable,2
within,2
caps’s,2
diversificar,2
psicossocial,2
agricultor,2
adultos,2
analisamos,2
anexos,2
candidatos,2
plurianuais,2
ppas,2
atas,2
dialógico,2
enfatizando,2
precursor,2
matrícula,2
alinhado,2
inexistência,2
juventude,2
prisional,2
educação”,2
gênero”,2
selecionadas,2
nutritivos,2
escrita,2
militar,2
prescrições,2
abrigos,2
barragem,2
brumadinho,2
descritivas,2
urgência,2
habilidades,2
histórias,2
praticados,2
planejadas,2
ufrj,2
indicação,2
espectroscopia,2
grão,2
homogênea,2
inteiro,2
lavouras,2
paranaíba,2
produtividades,2
pxrf,2
subamostras,2
espelho,2
centrados,2
dado,2
deixando,2
deveria,2
fantasias,2
matutino,2
nep,2
peças,2
profiláticas,2
pse,2
tabuleiro,2
vespertino,2
violências,2
yoga,2
curtas,2
debateu,2
enfocassem,2
inovações,2
resilientes,2
sustentávelxd,2
turismo,2
“agricultura,2
“educação,2
“gestão,2
adaptadas,1
assegurem,1
capitais,1
instituídas,1
limitado,1
vulnerabilizados,1
conclusãoreforçase,1
existentesintrodução,1
reforçase,1
conscientes,1
deveter,1
entendido,1
erradicar,1
especifica,1
permeiam,1
previstona,1
repensado,1
sencientes,1
“alimentaçãoadequada”,1
dificilmente,1
eliminar,1
interdependentes,1
interrelacionam,1
sociabilidade,1
atribuirlhe,1
catalisador,1
conferir,1
cuidadores,1
cuidando,1
enfatizouse,1
extraídos,1
group,1
independentemente,1
maciça,1
propaganda,1
sociólogos,1
trajetórias,1
verificadas,1
altamente,1
desenvolturas,1
explicita,1
faces,1
lança,1
políticaeconômicasocial,1
posições,1
questionamentos,1
rearranjos,1
reproduzindose,1
‘alimentomercadoriadoença’,1
‘dilui’,1
‘espessa’,1
admite,1
afirmado,1
analisase,1
conciliar,1
defendida,1
distinção,1
dividido,1
gradação,1
hierarquização,1
indicadas,1
indivisibilidade,1
origens,1
pactos,1
reafirmada,1
reconhecese,1
reivindicar,1
resgatamse,1
senão,1
superar,1
tolerar,1
amplas,1
chegada,1
dúvidas,1
enuncia,1
precisas,1
promulgada,1
vindouras,1
clínico,1
diarreia,1
estase,1
examesprocedimentos,1
gástrica,1
hospital,1
internados,1
jejum,1
náuseas,1
recebeu,1
terapêutico,1
universitário,1
verificado,1
vômitos,1
eixos,1
estruturam,1
executadas,1
expressas,1
garantilo,1
modus,1
operandi,1
provável,1
simbiose,1
sustentam,1
tomou,1
andamento,1
assistido,1
beneficiando,1
capacitadas,1
cartilha,1
conquistou,1
cuidador,1
dietas,1
disponibilizará,1
encaminhamento,1
fluxo,1
fácil,1
hospitais,1
httpdxdoiorgdemetra,1
manual,1
minerais,1
paciente,1
prescritas,1
treinadas,1
vitaminas,1
adquirir,1
agriculturaorgânica,1
alimentaçãoadequada,1
alimentaçãosaudável,1
auma,1
bibliográficae,1
doministério,1
dosalimentos,1
empecilhosà,1
entendendo,1
enutricional,1
fiscalize,1
incentivea,1
natura”,1
orgânicose,1
ouso,1
passanecessariamente,1
pontuados,1
proteja,1
regulamente,1
rigorosaque,1
saudávelcomo,1
saúdeestabelecido,1
sealcançar,1
transgênicas,1
“in,1
areforma,1
garantílos,1
justificando,1
lutando,1
lutaram,1
pleiteados,1
voga,1
amplamente,1
concluiu,1
debatido,1
dissertação,1
exploratórioanalítico,1
iniciase,1
mestrado,1
ofendem,1
compreendeu,1
compreensivo,1
contramão,1
inadequação,1
paadata,1
paaobjetivo,1
quantiqualitativaa,1
saudávelmétodo,1
sispaa,1
situa,1
caminha,1
conhecido,1
fracassada,1
indisponível,1
lançamento,1
nutritiva,1
prefeitura,1
tentativa,1
todos”,1
“comida”,1
“farinata”,1
aglomeração,1
antropométrico,1
centrosul,1
imc,1
mannwhitney,1
massa,1
reconhecida,1
vislumbraramse,1
eligio,1
estabelecese,1
hipotético,1
luhmann,1
metateoria,1
resta,1
unasul,1
voltase,1
articulada,1
fundamentadas,1
gravadas,1
mesorregião,1
pareceu,1
passa,1
possivelmente,1
atuar”,1
conduzimos,1
executarem,1
fazer”,1
focada,1
solução,1
visou,1
alimentaçao,1
às,1
comidas,1
dimensoes,1
epistemológico,1
etnia,1
fisicos,1
genero,1
imbricadas,1
incorpore,1
indivíduos,1
intercultural,1
interseccional,1
politicas,1
quimicos,1
significação,1
sustentavel,1
materializam,1
passíveis,1
referenciadas,1
reportase,1
transação,1
aplicáveis,1
assumir,1
compreendendo,1
compromissos,1
comseadourados,1
cruz,1
efetivos,1
executiva,1
exsecretária,1
fundação,1
oswaldo,1
presidente,1
secretária,1
danosas,1
debatese,1
dissociada,1
emanação,1
empregador,1
empregadora,1
empregados,1
eximir,1
hambúrguer,1
imposição,1
midiática,1
notoriamente,1
pecúnia,1
postura,1
ultraprocessada,1
valerefeição,1
bfn,1
biodiversity,1
buscas,1
cinzenta,1
direct,1
especificas,1
fsta,1
impulsionar,1
justa,1
mma,1
technology,1
transversais,1
chaves,1
constrange,1
críticadialética,1
dominada,1
heterodoxas,1
impondo,1
massificação,1
virou,1
elevou,1
encorajamento,1
enérgicas,1
facilitem,1
intensificou,1
pontuais,1
requerem,1
urgentemente,1
dedicaram,1
extraídas,1
focos,1
impeditivos,1
pubmed,1
revisar,1
above,1
academics,1
accomplishments,1
acronym,1
administrators,1
authors,1
basic,1
benchmarks,1
biographical,1
brazils,1
buscamos,1
commitments,1
committed,1
comprometeu,1
contexts,1
continue,1
derivado,1
derived,1
discusses,1
emphasise,1
essay,1
ethical,1
experiences,1
guided,1
idea,1
imperfeições,1
included,1
inclusas,1
mission,1
orientado,1
path,1
perceptions,1
portuguese,1
recommendations,1
reforçamos,1
requirements,1
requisitos,1
rightsa,1
seek,1
shortcomings,1
technical,1
times,1
técnicoéticopolítico,1
welfare,1
workers,1
abateu,1
agendas,1
ameaçados,1
aprovada,1
condicionantes,1
corporais,1
corresponsabilidade,1
derivados,1
descritos,1
desenhando,1
destacadas,1
documentação,1
mobilidade,1
orçamentários,1
prioritárias,1
próximos,1
revisada,1
seriamente,1
ajuste,1
consideravam,1
indicavam,1
opiniões,1
pernambuco,1
p≤,1
referiram,1
significantes,1
adaptada,1
antecedeu,1
assalariados,1
atenderam,1
cnpq,1
compostos,1
concluído,1
core,1
dinheiro”,1
englobando,1
estoque,1
expressaram,1
forneceu,1
hfias,1
household,1
incorporada,1
module,1
monitorar,1
norteamericana,1
observadas,1
pnad,1
previamente,1
representar,1
trocas,1
usda,1
validada,1
válida,1
“condições,1
“dinheiro,1
“ficar,1
“fome”,1
ajustada,1
completas,1
desrespeitado,1
dietéticas,1
multivariada,1
odds,1
ratio,1
abundância,1
contemple,1
desertos,1
ilhas,1
manifestação,1
mobilizando,1
pluralidade,1
pântanos,1
relacione,1
autoritárias,1
confinamento,1
dificultam,1
discriminatórias,1
encarceramento,1
exposta,1
femininas,1
gente,1
impossibilitam,1
inviabiliza,1
penitenciárias,1
coletividades,1
conquistados,1
consideráveis,1
pof,1
premente,1
vivenciaram,1
vêmse,1
casaruaescola,1
enunciados,1
espaçotempo,1
institucionalmente,1
marcante,1
partindose,1
recreio,1
socioantropologia,1
acceso,1
afecta,1
affects,1
aid,1
among,1
amplifies,1
apoyo,1
aquellas,1
arrangements,1
attainment,1
authorization,1
autorización,1
boletines,1
boletins,1
bulletins,1
cambios,1
capacidad,1
capacity,1
center,1
centurys,1
changes,1
comité,1
comprometiendo,1
concretización,1
condiciones,1
conditions,1
coordinación,1
coordination,1
covida,1
covidla,1
creación,1
creation,1
destacan,1
dismantlement,1
distribución,1
efectos,1
effects,1
emergencia,1
emergency,1
especially,1
existing,1
feature,1
federales,1
fuera,1
funds,1
further,1
gender,1
gestión,1
governments,1
greatest,1
groups,1
género,1
hegemonic,1
hegemónico,1
hraf,1
identificó,1
income,1
inequalities,1
involving,1
jeopardizing,1
management,1
march,1
marzo,1
mayo,1
mayores,1
measures,1
ministerios,1
ministries,1
ministérios,1
mitigación,1
mitigate,1
more,1
one,1
operaciones,1
operations,1
operações,1
outside,1
pandemics,1
poblaciones,1
populations,1
poses,1
primeiras,1
primeras,1
programs,1
propuestas,1
puedan,1
raciais,1
raciales,1
recent,1
recentes,1
recientes,1
recortes,1
renta,1
repercussions,1
reported,1
respond,1
respuesta,1
retrocesos,1
revisión,1
schools,1
sectoriales,1
según,1
setoriais,1
señalado,1
sistematizadas,1
sistematizaron,1
sociales,1
soluciones,1
supervising,1
supervisión,1
supervisão,1
those,1
undermine,1
uno,1
vulnerable,1
vulnerables,1
ways,1
worldwide,1
abrir,1
acessíveis,1
dependentes,1
desajustamentos,1
descontínuas,1
fechamento,1
fragmentadas,1
instituíram,1
irregularidade,1
liberação,1
nascidos,1
originalmente,1
reconhecidas,1
restrita,1
égide,1
contextualiza,1
cotejamos,1
crescentes,1
destacamos,1
escalas,1
frequentemente,1
lançamos,1
mescla,1
negadas,1
neoconservadores,1
pandemias,1
poderosos,1
reinventar,1
resistir,1
sistematizam,1
actualmente,1
adjetivada,1
afectivas,1
affective,1
aimed,1
alimentaçãoen,1
ampliaciones,1
ampliações,1
argues,1
argumenta,1
brasileñas,1
centraba,1
century,1
combinación,1
combination,1
combinação,1
composición,1
compreensões,1
comprensión,1
concebir,1
conceiving,1
conceptuales,1
conlleva,1
construidas,1
construídas,1
cuando,1
cuestiones,1
cuestión,1
currently,1
cómo,1
defended,1
deixou,1
dejó,1
desarrollo,1
described,1
document,1
eatingno,1
effort,1
ejemplo,1
ella,1
elucidating,1
esfuerzo,1
expanded,1
expansions,1
experiencing,1
expresiones,1
expresión,1
expression,1
expressions,1
historically,1
inclusión,1
incluye,1
incorporate,1
interpretaciones,1
longer,1
nociones,1
notions,1
noções,1
nutrient,1
nutriente,1
oriented,1
original,1
originales,1
overcome,1
pasado,1
pasó,1
polissêmica,1
polisémica,1
polysemous,1
previously,1
principios,1
principles,1
productivos,1
propuso,1
quality,1
razones,1
redefinitions,1
referirse,1
refiere,1
reflects,1
regards,1
resignificaciones,1
ressignificações,1
saludable”,1
soberanía,1
socially,1
sociocultural,1
socioculturales,1
sociohistoricamente,1
sociohistóricamente,1
solamente,1
sostenibilidad,1
sovereignty,1
superación,1
teniendo,1
terms,1
texts,1
tiempo,1
time,1
trabajos,1
transición,1
transition,1
tratamos,1
turn,1
términos,1
undergone,1
understandings,1
virada,1
way,1
“adecuada”,1
“adequada”,1
“alimentación,1
“saludable”,1
“saudável”,1
autoestimavalorização,1
beneficiamento,1
fortalecedor,1
fortalecido,1
incentivam,1
instituído,1
prestigiado,1
torne,1
variabilidade,1
colocando,1
declarou,1
garantila,1
modalidades,1
abordaje,1
acción,1
action,1
actualización,1
actualizó,1
adopted,1
adoptó,1
after,1
aligned,1
alineados,1
alinhados,1
april,1
atualizada,1
aunque,1
back,1
build,1
búsqueda,1
centered,1
centrado,1
centraron,1
colectiva,1
commitment,1
complicaciones,1
compromiso,1
constató,1
construcción,1
cumplimiento,1
cycle,1
databases,1
desafío,1
descentralización,1
después,1
discussion,1
disertaciones,1
disputes,1
dissertations,1
dissertações,1
documentales,1
donde,1
efectivo,1
effectively,1
ejecución,1
embates,1
evaluación,1
even,1
execution,1
feed,1
financial,1
financieros,1
focaramse,1
foodobjetivouse,1
formulación,1
formulation,1
fulfilling,1
fundamentándose,1
guias,1
guides,1
guías,1
historic,1
innovador,1
innovative,1
insufficient,1
insuficiencia,1
internacionales,1
international,1
later,1
maintains,1
mantiene,1
paradigms,1
participatory,1
presentar,1
proceso,1
procesos,1
publicación,1
publication,1
regulatoria,1
regulatória,1
saludables,1
saudávelel,1
set,1
situación,1
sought,1
systematize,1
ten,1
teoría,1
tesis,1
theses,1
updated,1
updating,1
verificamse,1
verifican,1
antropométricos,1
arterial,1
capilar,1
glicemia,1
hemoglobina,1
maceió,1
maternos,1
residiam,1
testada,1
vistos,1
associar,1
configurandose,1
desconhecida,1
influenciar,1
patrocinadoras,1
popularidade,1
repetição,1
série,1
ultraprocessadas,1
vitórias,1
aracajuse,1
concretizando,1
deficiente,1
descritivamente,1
disparidades,1
frequências,1
totalizaramse,1
diferente,1
diálogos,1
equiparandoas,1
incompreensão,1
pleitos,1
qualiquantitativo,1
sade,1
adotando,1
complexos,1
contagem,1
formulários,1
qualitativas,1
quantiqualitativa,1
viabilizando,1
vinculação,1
ambulante,1
calendário,1
higiênicosanitária,1
manipulam,1
manipulação,1
modificar,1
preparados,1
provocar,1
sediará,1
surtos,1
abordase,1
dedução,1
desperdiçadas,1
estudase,1
genéticos,1
geopolítica,1
indiscriminado,1
intensificada,1
jurídicosociológica,1
monopólio,1
nagoya,1
repartição,1
trás,1
vertente,1
absolutamente,1
arena,1
barganha,1
conversão,1
lucros,1
maximização,1
ração,1
autônomo,1
caracterizouse,1
consistente,1
fomentam,1
fundamentalidade,1
interrupção,1
maternoinfantil,1
mãe,1
precoce,1
relevo,1
àbamamentação,1
acervos,1
afirmada,1
descrição,1
marcam,1
oprimidos,1
pôdese,1
registrar,1
corrigir,1
democratizar,1
promotor,1
retomar,1
“acabar,1
abordamos,1
altos,1
auwe,1
barbosa,1
basal,1
comunicam,1
cosmológicos,1
desesperadamente,1
emancipatória,1
falando,1
fraca,1
mortalidade,1
multicultural,1
mínimas,1
negada,1
pertencer,1
pimentel,1
procuramos,1
ressalvamos,1
restituindo,1
ró,1
significa,1
sintomas,1
supressão,1
tudo,1
unindo,1
voltem,1
“ró”,1
“subalternidade,1
abordadas,1
exemplificativas,1
fisiológicanutricional,1
acertada,1
acionável,1
adotandose,1
aplicada,1
apreciar,1
autorizam,1
autêntico,1
bloqueio,1
caridade,1
compaixão,1
exigível,1
explicativo,1
jurisdicional,1
levandose,1
mesmos,1
médico,1
semelhante,1
solicitantes,1
solicitação,1
teóricodogmática,1
tutela,1
verdadeiro,1
agribio,1
apontadas,1
artificial,1
cai,1
eixo,1
entendem,1
frentes,1
inteligência,1
manifestações,1
posicionamento,1
prioritário,1
regenerativos,1
sistêmica,1
caracterizou,1
coletado,1
desativado,1
destino,1
equacionadas,1
excatador,1
lixo,1
lixão,1
membro,1
múltipla,1
peso,1
predominando,1
recicláveis,1
refletese,1
conteúdoresultados,1
fronteiraconclusão,1
fronteiramétodo,1
inadequados,1
mães,1
seguro,1
somados,1
tríplice,1
aditivada,1
adoecimento,1
círculo,1
denominado,1
estimulado,1
farmacêutica,1
interligados,1
legalizada,1
medicalização,1
mercantilização,1
monoculturas,1
nasceu,1
perversa,1
predatório,1
pósindustrial,1
quimicalização,1
químicodependente,1
reproduzido,1
sociossanitárias,1
tecnificação,1
tematiza,1
vicioso,1
vida’,1
‘paradigma,1
avaliado,1
contempla,1
continuamente,1
coordenadores,1
ensinoserviço,1
fóruns,1
pautouse,1
procura,1
reduzido,1
reestruturado,1
completos,1
crescido,1
inciativa,1
indexados,1
ceticismo,1
condicionalidades,1
consolidadas,1
desvelaram,1
emergiu,1
enfatizou,1
explicitam,1
financeiras,1
morros,1
núcleos,1
registradas,1
rotina,1
santossp,1
áudio,1
justificável,1
tratado,1
colonialistas,1
comem,1
conformistas,1
diretas,1
enunciação,1
nomear,1
nomeação,1
éticopolítico,1
acessálo,1
concretizar,1
fornecendo,1
governantes,1
influências,1
usufruído,1
accomplishment,1
adjusted,1
adulthooda,1
ajustado,1
amazon,1
aspect,1
both,1
bruto,1
conducted,1
crosssectional,1
dependency,1
emocional,1
emotional,1
energy,1
frequency,1
fruits,1
gross,1
highlight,1
impairment,1
implementing,1
increased,1
leguminosas,1
light,1
low,1
measured,1
model,1
municipalities,1
permanent,1
populationbased,1
regression,1
remains,1
showed,1
variance,1
variância,1
concretos,1
escolhidas,1
iramuteq,1
lexical,1
atendeu,1
contemplouse,1
contratados,1
especificações,1
junho,1
kit,1
ocasionada,1
primariamente,1
universalidade,1
acabar,1
aplicabilidade,1
assumido,1
concretiza,1
condiciona,1
contemplados,1
dependem,1
emancipadora,1
executoriedade,1
instrumentalizado,1
intermédio,1
liberdade”,1
operarem,1
partiuse,1
perverso,1
proporcionais,1
“desenvolvimento,1
“fome,1
cuidam,1
normativo,1
aguda,1
atingidos,1
brutal,1
consolidar,1
dobrando,1
incoerências,1
pandêmica,1
tragédia,1
vivenciase,1
“pandemia,1
agente,1
ancorado,1
immanuel,1
kantiano,1
atribuise,1
bandeira,1
demandaram,1
desprendidos,1
endêmica,1
impostas,1
invocase,1
latinoamericanos,1
problematização,1
propiciar,1
relativamente,1
ressaltam,1
rumo,1
sucintamente,1
visualiza,1
desempenhando,1
ganhe,1
garantidor,1
levantar,1
promova,1
realmente,1
servindose,1
titularidade,1
utilizará,1
viabiliza,1
ajudando,1
apontase,1
inserida,1
inseridas,1
papéis,1
avaliouse,1
cursando,1
fechadas,1
ingressaram,1
oitavo,1
prévio,1
acentuação,1
cargo,1
deflagrada,1
endossamento,1
falsa,1
hipóteses,1
inserta,1
levantadas,1
objetos,1
procedendose,1
subdesenvolvidas,1
validar,1
comidamercadoria,1
deletérios,1
dupla,1
estatísticos,1
aldeia,1
esquecidas,1
faltou,1
fragilizados,1
hawalorá,1
mora,1
possibilitem,1
potencializados,1
terezinha,1
apontando,1
egresso,1
engajado,1
evidenciou,1
pautam,1
refletirá,1
restrito,1
subsidiem,1
agregam,1
compromissada,1
delineados,1
desvelado,1
horizontes,1
intervenientes,1
nestes,1
realizações,1
traduzidas,1
analisaram,1
respaldo,1
delimitação,1
agrupa,1
epidemias,1
macrorrelações,1
microrrelações,1
prático,1
redistribuição,1
refletiremos,1
velhas,1
atinentes,1
decisivo,1
instrumental,1
normativojurídico,1
oferecido,1
servindo,1
subsequente,1
andrea,1
avessas,1
bila,1
divido,1
eis,1
encontrou,1
flores,1
guarda,1
herrera,1
iii,1
joaquín,1
monoparentais,1
originalidade,1
recepção,1
sinalizam,1
sorj,1
desenvolvimentos,1
diversidades,1
originase,1
afirmativa,1
criticamente,1
heterogeneidade,1
incorporando,1
informanteschaves,1
organizar,1
processam,1
reorganização,1
secundários,1
valem,1
apregoa,1
definir,1
ditos,1
piracicaba,1
resulta,1
aparecendo,1
atribuído,1
conectando,1
encaminhamentos,1
identificase,1
recorrente,1
sínteses,1
àalimentação,1
aconteceram,1
alegre,1
alegre’,1
bola,1
consequente,1
dificultado,1
emergente,1
guiadas,1
neve,1
recair,1
reiterase,1
sugeriu,1
terceiros,1
totalizadas,1
trabalha,1
ultrapassem,1
visibilizar,1
vivenciado,1
voluntárias,1
‘,1
autocuidado,1
desenvolveuse,1
lancheira,1
montada,1
resultem,1
valorize,1
comunicativas,1
onuorganização,1
poderes,1
tornasse,1
trabalhogt,1
usp,1
“usp,1
assembleias,1
diagnósticas,1
escutas,1
fortalece,1
inclusivas,1
leituras,1
mánutrição,1
periferias,1
permitem,1
potencializa,1
produzem,1
profundo,1
qualificadas,1
rigor,1
vicente,1
vulnerabilizadas,1
ético,1
aliou,1
criticaram,1
defendidos,1
desconfiança,1
duramente,1
opressão,1
patriarcal,1
reforçavam,1
responsabilização,1
apropriase,1
cárceres,1
dialético,1
fracasso,1
fruição,1
institucionalizado,1
aplacar,1
averiguada,1
conceituar,1
descritivopositivista,1
desvelar,1
fisiológica,1
hermenêutica,1
implacável,1
ineficiência,1
notouse,1
proveito,1
reafirmam,1
resiliente,1
scholar,1
capacitasuas,1
cursistas,1
dosas,1
inexistentexd,1
levantado,1
ofertado,1
ofertas,1
osas,1
pelosas,1
reportada,1
tida,1
descrito,1
idh,1
intensificam,1
interligamse,1
reducionista,1
restritivos,1
urge,1
acessarem,1
apelar,1
bloqueiam,1
detectado,1
disponível,1
elevação,1
inquérito,1
objeções,1
superprodução,1
‘commodities’,1
actoresclave,1
analiza,1
apuntado,1
asistencialista,1
atoreschave,1
auténtica,1
avanzó,1
avançou,1
bahía,1
basada,1
become,1
categories,1
categorización,1
categorization,1
categorías,1
componen,1
comprender,1
configuró,1
consisted,1
consisting,1
consistió,1
constituida,1
county,1
crosssection,1
daily,1
dialogue,1
diario,1
educación,1
education,1
ejercicio,1
element,1
elementary,1
emergieron,1
emerging,1
enseñanza,1
escenario,1
estructurante,1
etnografía,1
etnográfica,1
exercise,1
fin,1
findings,1
focusing,1
help,1
hermeneutic,1
hermenéutico,1
hermenêutico,1
identidad,1
identity,1
interacciones,1
interactions,1
interviews,1
itself,1
key,1
membersestudos,1
mere,1
methodological,1
months,1
movimiento,1
municipality,1
municipio,1
nuestra”,1
observación,1
observation,1
otro,1
ours,1
paradoja,1
paradox,1
part,1
paternalistic,1
presentan,1
presenting,1
primera,1
producido,1
progressed,1
propia,1
quienes,1
realización,1
recorded,1
redefinición,1
redefinition,1
sesgo,1
seven,1
siete,1
sino,1
soporte,1
state,1
structuring,1
sujeitosestudios,1
tends,1
themes,1
theoretical,1
tiende,1
trayectoria,1
unites,1
upper,1
valora,1
values,1
while,1
alinhandose,1
climática,1
consegue,1
democratização,1
desvincula,1
documento,1
fezse,1
mercadológica,1
preconiza,1
traga,1
éticos,1
causar,1
complicações,1
expuser,1
portadoras,1
rótulo,1
aproveitar,1
biprohort,1
centralizarem,1
organizou,1
partese,1
parâmetro,1
pofibge,1
reguladoras,1
representado,1
representaria,1
sinac,1
tabulação,1
antiga,1
avaliativo,1
biblioteca,1
bvsbireme,1
comparativo,1
detalhamento,1
modificando,1
reforçada,1
resultantes,1
sucedida,1
tratavam,1
autenticação,1
envio,1
facilidade,1
inédito,1
lavrasmg,1
mobile,1
sirva,1
braulio,1
construíram,1
criaram,1
etnográficos,1
fonsanpotma,1
fórum,1
gebg,1
goffman,1
interlocutores,1
matriz,1
religioso,1
religioso”,1
“abate,1
assédio,1
complementase,1
condutas,1
contraditório,1
descrevese,1
filas,1
humilhação,1
implícita,1
lanches,1
manifesta,1
simbólica,1
velada,1
assume,1
explanação,1
inicia,1
reinvindicação,1
revertida,1
sequência,1
admitindo,1
complemento,1
consagrado,1
defendo,1
destacam,1
doutrina,1
précondição,1
reconhecendo,1
adequadametodologiaenfoque,1
aplicálos,1
aporte,1
bioético,1
confere,1
discursiva,1
impactosdiscussãocontribuiçõesconclusões,1
objetivocontexto,1
resultadosdescobertas,1
adoecem,1
aparelho,1
capturar,1
coeso,1
contaminam,1
contrahegemônicos,1
corporativo,1
desiguais,1
destrutivas,1
dê,1
entendemse,1
expropriam,1
expulsam,1
impulsionadas,1
matam,1
orienta,1
solidez,1
sustentado,1
civilizatória,1
colapsando,1
desconectou,1
eventos,1
extremos,1
fez,1
finaliza,1
futuroxd,1
gerada,1
inéditos,1
lupa,1
prejudica,1
póspandemia,1
relacionamos,1
retomálo,1
teóricocientífico,1
aprenderensinar,1
aprofundadas,1
debatem,1
experimentar,1
narra,1
referenciase,1
renovadas,1
renovados,1
discorremos,1
norteiam,1
clientela,1
coletas,1
constituídas,1
dhad,1
envase,1
equilibradas,1
evitam,1
evitar,1
indivisíveis,1
microbiológica,1
presídios,1
privação,1
proliferação,1
proteica,1
quentinhas,1
sequenciais,1
temperaturas,1
transportadas,1
tóxicos,1
verificação,1
veículos,1
°c,1
consórcio,1
consórcios,1
criados,1
deficientes,1
definindo,1
déficits,1
existir,1
geralmente,1
inexistem,1
areas,1
avalie,1
caisan,1
certain,1
chamber,1
conferences,1
contextsa,1
contextualization,1
council,1
decree,1
dependendo,1
dimensions,1
efforts,1
enforce,1
evaluate,1
examines,1
fragilizar,1
framed,1
frameworks,1
importance,1
impulsionados,1
intersector,1
led,1
monitor,1
monitore,1
movements,1
nacionalmente,1
official,1
organized,1
outcome,1
published,1
specified,1
stem,1
tend,1
weakened,1
composto,1
dea,1
desatacase,1
devendo,1
eficiente,1
elaboradas,1
envoltória,1
façam,1
federativas,1
indícios,1
leta,1
measure,1
mostraram,1
queda,1
retornos,1
sbm,1
slackbased,1
vrs,1
ameaçada,1
brasília,1
colinas,1
concluída,1
dialogicidade,1
educandas,1
instituiuse,1
multiplicasan,1
trabalhadoras,1
transformador,1
correlações,1
desafiam,1
desfavoráveis,1
flexíveis,1
intensificação,1
jornadas,1
laborais,1
prejuízos,1
psíquica,1
sinalizado,1
submetem,1
terceirizados,1
abarcar,1
basear,1
convivência,1
deixado,1
discerne,1
exercer,1
infantojuvenil,1
infrator,1
intrínsecos,1
percebido,1
profissionalização,1
redemocratização,1
remete,1
tradicionalmente,1
cearenses,1
conhecendo,1
conquistar,1
desconhecido,1
entremeada,1
investir,1
lutar,1
militantes,1
seca,1
secas,1
ajudem,1
auxiliando,1
caseira,1
caseiras,1
comparandoas,1
culminaram,1
direcionado,1
exigidas,1
ilustrativo,1
licitação,1
manipuladores,1
porção,1
porções,1
potencializarse,1
versando,1
vislumbrase,1
agrário,1
anunciada,1
arroz,1
conservadora,1
discutiuse,1
diária,1
entrelaçados,1
extensivas,1
feijão,1
ilusão,1
implementada,1
infraconstitucionais,1
milho,1
nunca,1
oferecendo,1
plantações,1
produtivistatecnológico,1
ramo,1
representava,1
sintonia,1
substancial,1
tecnológica,1
usados,1
advir,1
aplicouse,1
applied,1
approval,1
aren’t,1
arise,1
assentado,1
averiguouse,1
broad,1
certainties,1
certezas,1
change,1
commercialization,1
consequences,1
consumerist,1
consumeristas,1
contemplation,1
contemplação,1
deductive,1
dictates,1
ditames,1
draft,1
engenharia,1
engineering,1
envolvente,1
faced,1
failure,1
genetic,1
guarantees,1
indagouse,1
inferiuse,1
inferred,1
inquired,1
legislative,1
modification,1
modificação,1
monographic,1
monográfico,1
moreover,1
mudar,1
ogm,1
paradigm,1
potential,1
precautionary,1
precaução,1
previous,1
procedure,1
prévios,1
publicity,1
purpose,1
put,1
questioned,1
questionouse,1
regard,1
relating,1
scientific,1
specie,1
theme,1
therefore,1
together,1
transgenics,1
treatment,1
violates,1
aplicativos,1
concerne,1
humanizador,1
injusto,1
insustentável,1
mitiguem,1
notados,1
preponderância,1
propôs,1
retratadas,1
“matar,1
constantemente,1
deteriorado,1
intensificando,1
mensurada,1
sequer,1
configuraria,1
frequente,1
permitiria,1
apoiando,1
apropriar,1
cecane,1
cecanes,1
cecaneufrn,1
firmar,1
legitimar,1
meados,1
prestadores,1
repleto,1
suspendeu,1
cem,1
doutrinária,1
impõe,1
morte,1
prevê,1
alimentosmercadorias,1
apagamento,1
consistindo,1
deletério,1
desrespeitando,1
impérios,1
sociohistórica,1
agir,1
comparada,1
consentirem,1
estimar,1
formalmente,1
independentes,1
intrafamiliar,1
inversamente,1
paimãe,1
possuíam,1
terreiro,1
χ­­,1
alegrers,1
apreendeuse,1
apreensão,1
constituído,1
empíricos,1
examinado,1
traduz,1
acionado,1
alergia,1
executivo,1
impetradas,1
influenciou,1
inseriu,1
juridicamente,1
limitadores,1
mandamentais,1
materializando,1
obrigar,1
pleiteavam,1
positivados,1
protegida,1
rol,1
surgir,1
agenda”,1
antidemocrática,1
ascensão,1
assegurassem,1
asua,1
ativistas,1
autoritária,1
base”,1
blocos,1
categorizado,1
condução,1
congresso”,1
conseas,1
consea”,1
criadas,1
entrarem,1
específicos”,1
estaduais”,1
exconselheiros,1
exercidos,1
existindo,1
fragiliza,1
guiada,1
heterogêneo,1
impossibilidade,1
inexorável,1
interpretada,1
legítimos,1
moscovici,1
parlamentar,1
perpetua,1
popular”,1
provoca,1
próconsea,1
reativação,1
representação,1
representações,1
rápida,1
separadas,1
sisan”,1
soma,1
substitui,1
transcrito,1
técnicooperacional”,1
xeque,1
“assuntos,1
“audiências,1
“banquetaço”,1
“conferência,1
“desestruturação,1
“evidenciar,1
“fortalecer,1
“fortalecimento,1
“implementação,1
“manutenção,1
“potencial,1
“reação,1
“voltar,1
científico,1
comumfoi,1
periurbanas,1
alcançou,1
auxílios,1
bolsas,1
estreita,1
financeirosltpgt,1
iffluminense,1
implicam,1
ltpgto,1
macaé,1
apoiou,1
cobertura,1
evoluíram,1
formaram,1
interrogarse,1
lideranças,1
lima,1
nuclear,1
pau,1
pautas,1
percebida,1
tornou,1
aproveitem,1
tradição,1
analisaramse,1
assumam,1
atualizar,1
constituemse,1
contribuam,1
descentralizada,1
liderando,1
preponderante,1
privilegiadas,1
chapecó,1
frequênciafracionamento,1
frescor,1
inadequado,1
minayo,1
sugerindose,1
aquisições,1
d’aliança,1
empregado,1
inaugurando,1
pretendido,1
triangulação,1
ultrapassava,1
voltou,1
abrão,1
alimentícia,1
dualidades,1
inserindo,1
metodologicamente,1
miltonianas,1
perene,1
perpetuar,1
saquet,1
silva,1
solucionar,1
bane,1
banidas,1
dedutiva,1
justamente,1
liberalização,1
pressionar,1
proibidas,1
publicado,1
relator,1
usando,1
acordos,1
atestou,1
institutos,1
refletindo,1
tornarem,1
abordavam,1
citam,1
ferro,1
fornecem,1
gerado,1
imunológica,1
imunológico,1
marginalizadas,1
reforçou,1
sabido,1
selecionouse,1
selênio,1
temporal,1
zinco,1
abusivos,1
cães,1
estudados,1
francione,1
gatos,1
gilligan,1
hantropomorfizada,1
incluise,1
invés,1
pets,1
propõem,1
singer,1
status,1
“coisa”,1
afinados,1
anúncio,1
confrontaremos,1
educabilidade,1
memória,1
plantas,1
reafirmar,1
analíticometodológico,1
auxiliam,1
ciclos,1
engendrados,1
intrínseco,1
pragmatista,1
situadas,1
sólidos,1
apoiar,1
entrave,1
estudadomenos,1
formulam,1
implementam,1
instruir,1
mobilizar,1
sancionou,1
combinado,1
conseguiram,1
constituiuse,1
elaborações,1
manterse,1
mitigando,1
precários,1
públicasxd,1
reais,1
severa,1
visualizou,1
concederam,1
dialógicaspalavraschave,1
passam,1
percorrer,1
prescritivos,1
comercializar,1
complementares,1
cpsam,1
nação,1
obssan,1
perfis,1
pondera,1
sulrs,1
tamanho,1
atingiu,1
exterior,1
fomentem,1
melhorou,1
possibilitado,1
recebam,1
sugerese,1
alinha,1
boas,1
deterioração,1
diferenciase,1
humanitários,1
operase,1
potencializado,1
tensionado,1
bvs,1
controlados,1
ibecs,1
idoso”,1
inacessibilidade,1
incluídos,1
lilacs,1
raçacor,1
scopuse,1
tentam,1
variaram,1
web,1
“idoso”,1
“nutrição,1
isolada,1
almirante,1
impactou,1
interno,1
positivamente,1
possibilitam,1
segmento,1
tamandaré,1
alagoasltpgt,1
altafin,1
camponesa,1
consideravelmente,1
correspondendo,1
destacavamse,1
intimamente,1
ltpgta,1
outrora,1
permanentemente,1
raízes,1
rompeu,1
adequada”,1
anexado,1
basearamse,1
contendo,1
difundidos,1
elencados,1
facisaufrn,1
folheto,1
higienização,1
imagens,1
incomum,1
livres,1
reafirmaram,1
reinvenção,1
trairiuniversidade,1
áudios,1
“monitoria,1
afetas,1
alocação,1
caxiasrj,1
formalizou,1
mudou,1
revisadas,1
secretários,1
tantos,1
árduo,1
baseiase,1
exemplos,1
identificandoo,1
popularização,1
previstas,1
sensibilização,1
sucessos,1
visualizar,1
adição,1
adolfo,1
aoac,1
cloretos,1
cálcio,1
físicoquímicas,1
ideal,1
insolúveis,1
lutz,1
marinho,1
mgkg,1
mineral,1
regularmente,1
seguiu,1
sujidades,1
totais,1
umidade,1
íons,1
alimentarxd,1
aposentadopensionista,1
associouse,1
beneficiário,1
descritivoanalítico,1
desempregado,1
estratificada,1
gasto,1
mostrado,1
pele,1
preta,1
recôncavo,1
sociodemográficos,1
sérias,1
arquivo,1
author,1
bebese,1
being,1
believed,1
beyond,1
body,1
book,1
comese,1
complete,1
condition,1
densas,1
denso,1
despejoabstract,1
desvelada,1
drinks,1
dumping,1
eats,1
elaboration,1
enter,1
file,1
goes,1
ground,1
hardships,1
her,1
humanity,1
imagery,1
imaginário,1
inequity,1
insalubre,1
interpretationskeywords,1
interpretações,1
into,1
knowledge,1
linked,1
makes,1
meanings,1
mente,1
mind,1
object,1
objetivaspalavraschave,1
offers,1
order,1
padecem,1
penalidades,1
phenomena,1
point,1
possibilities,1
posterior,1
reach,1
reading,1
reflecting,1
significações,1
sistematizados,1
slum,1
space,1
subsequent,1
subsidiou,1
subsidized,1
suffer,1
topics,1
treated,1
under,1
unveiled,1
violation,1
vivese,1
vulnerability,1
abrindo,1
acolhidas,1
adultocêntrico,1
afirmando,1
aguçado,1
aguçados,1
aguçando,1
ajuda,1
aparatos,1
apelo,1
ariès,1
arroyo,1
artificialização,1
asseveradas,1
banalização,1
banda,1
barbárie,1
brasil”,1
calem,1
caro,1
católica,1
colaborativamente,1
concernentes,1
confluência,1
congruentes,1
consideradaso,1
constrói,1
contribuição”,1
cruel,1
daquelesas,1
delineadas,1
desaparecimento,1
desconexas,1
detentor,1
diapasão,1
didático,1
distanciamentos,1
diversão,1
docenteo,1
dominação,1
ecoa,1
educadores,1
encadeamento,1
escuta,1
esmeram,1
esteira,1
excertos,1
exercesse,1
exercícios,1
fagulhas,1
família”,1
ficaram,1
finda,1
fluida,1
formato,1
formep,1
fundamentamse,1
humana”,1
imersão,1
indissociabilidade,1
iniciam,1
inquietações,1
inspiradosas,1
instalam,1
instigadora,1
intensas,1
intersetoriais”,1
introduzem,1
justificativas,1
legaisnesse,1
leitor,1
leitora,1
leques,1
letras,1
libertadoras,1
ligadosas,1
limpeza,1
linguagens,1
maestria,1
materializou,1
mortes,1
musical,1
mídias,1
naturalização,1
neoliberais,1
npdessa,1
obraassim,1
opinião,1
originando,1
ouvidas,1
pandemia”,1
panorâmica,1
parafraseando,1
pedagogias,1
perderam,1
pesquisadoras,1
pontifícia,1
pontualmente,1
postman,1
potencializou,1
poética,1
precarizadas”,1
prescrito,1
priore,1
professor,1
profunda,1
propositivos,1
prosseguir,1
provocativa,1
puc,1
páginas,1
queridos,1
recondução,1
referese,1
representativas,1
respeitosaas,1
seminais,1
seminários,1
ser”,1
silenciálas,1
silêncios,1
sociopolítico,1
sucinta,1
supracitada,1
tensos,1
titãsoutrossim,1
trama,1
transformou,1
transposição,1
veladaoutra,1
verticalizaram,1
viajar,1
vozes,1
vírus”,1
ínfimo,1
óbitos,1
“alternativas,1
“corpo,1
“dessa,1
“vir,1
oportuno,1
prevenindo,1
primário,1
qualificada,1
reformularem,1
veiculam,1
voltada,1
adota,1
diferentemente,1
estritamente,1
induzir,1
induziu,1
institucionalismo,1
jurídicopolíticoeconômico,1
legalista,1
situaçãoproblema,1
“fundo”,1
alcançam,1
clara,1
consears,1
contemplarem,1
culminando,1
divididos,1
informática,1
milênio,1
sugeridos,1
ufrgs,1
abandonar,1
aproximadas,1
ataques,1
buscaram,1
certas,1
conscientizar,1
correlatas,1
desprezo,1
donos,1
idades,1
infelizmente,1
legítima,1
maustratos,1
negligenciado,1
pedestres,1
pertencem,1
raivosos,1
superpopulação,1
timbó,1
trato,1
turma,1
veterinários,1
vêse,1
aceitação,1
acolhe,1
antropométricas,1
apontada,1
apropriado,1
beneficamente,1
carente,1
cognitivo,1
enfermidades,1
estimulação,1
fisiológico,1
implantar,1
mesmas,1
perceptíveis,1
pesagem,1
problematizadoras,1
psicomotor,1
recordatórios,1
rejeitados,1
resto,1
subprojetos,1
unidos,1
alternative,1
alternativos,1
ancorada,1
area,1
açucaradas,1
beverages,1
centers,1
chains,1
chronic,1
components,1
concept,1
describe,1
despite,1
diseases,1
dominam,1
dominate,1
essencialmente,1
essentially,1
exploitation,1
family,1
farmers,1
favorecem,1
foodo,1
high,1
increase,1
increasing,1
involved,1
large,1
main,1
monocultura,1
monoculture,1
multinacionais,1
multinational,1
negative,1
negativo,1
nontransmissible,1
obesity,1
occupied,1
ocupada,1
predomina,1
predominant,1
predominantes,1
predominates,1
reduced,1
reduzida,1
sugarsweetened,1
supermarket,1
taxation,1
tributação,1
ultraprocessed,1
violando,1
violating,1
afirmou,1
categorizadas,1
implícito,1
integrais,1
isoladamente,1
pares,1
ressaltaram,1
cametá,1
epistemologias,1
formativas,1
ledoc,1
licenciatura,1
localidade,1
lógicas,1
mandioca,1
orientamos,1
orientem,1
tocantinscametá,1
tomásia,1
ufpa,1
ajustes,1
classificando,1
crus,1
decorridos,1
enxofres,1
menus,1
negativos”,1
positivos”,1
respetivamente,1
simultânea,1
alianças,1
campocidade,1
canais,1
circuitos,1
correlacionado,1
curtos,1
debater,1
disseminação,1
doutorado,1
espacialização,1
fctunesp,1
filho”,1
forças,1
instigadas,1
mesquita,1
promovidas,1
territorialização,1
teóricoconceitual,1
totalidade,1
urbano,1
“júlio,1
acentuadas,1
analítica,1
analíticos,1
antropológica,1
assumem,1
assumindose,1
colhidas,1
enriquecer,1
estruturados,1
habituais,1
indiscutível,1
intensiva,1
pesquisado,1
traçar,1
tutorial,1
acarretando,1
acentuada,1
advindo,1
afins,1
agravado,1
agroexportador,1
agropecuários,1
aprovações,1
aquisitivo,1
asbraer,1
atendem,1
atrativos,1
bolsonaro,1
cgaa,1
chance,1
cobrança,1
comandado,1
comandados,1
competitividade,1
conjuntamente,1
contrastado,1
coordenaçãogeral,1
desequilíbrio,1
desestimula,1
desmatamento,1
desvantagem,1
distributivos,1
dão,1
economicamente,1
empurrando,1
encontravase,1
externo,1
gerados,1
graves,1
importando,1
injusta,1
internamente,1
jornalísticas,1
justos,1
liberados,1
map,1
marca,1
médios,1
notícias,1
números,1
ocupa,1
paralelo,1
patógenos,1
perdeuse,1
postos,1
prazo,1
prejudicial,1
previa,1
primeiros,1
produziu,1
pronaf,1
préexistência,1
radical,1
recessão,1
recorde,1
regularização,1
ressaltado,1
reverter,1
safra,1
somado,1
tramitação,1
vendas,1
vide,1
vieram,1
vivemos,1
êxodo,1
“póspandêmica”,1
abismales,1
abissais,1
acephate,1
achieved,1
active,1
activos,1
addition,1
agencia,1
agency,1
algún,1
ambientales,1
analizadas,1
analizado,1
analizados,1
analyse,1
average,1
año,1
brasileños,1
brazilians,1
carbendazima,1
chlorpyrifos,1
clave,1
clorpirifos,1
clorpirifós,1
commercialized,1
comparación,1
compared,1
consideraciones,1
consumed,1
detected,1
diferencias,1
differences,1
disponibles,1
disposición,1
embargo,1
entered,1
entraram,1
establecidos,1
están,1
experimentado,1
fueron,1
furthermore,1
glyphosate,1
half,1
important,1
indicate,1
ingredients,1
ingresaron,1
injustices,1
injusticias,1
injustiças,1
less,1
mitad,1
muestran,1
muestras,1
necesidad,1
noteworthy,1
number,1
orgánica,1
otros,1
palabras,1
pensarmos,1
period,1
prohibidos,1
prohibited,1
proibido,1
promedio,1
puestos,1
represents,1
residuo,1
resumen,1
resíduo,1
samples,1
sanitaria,1
sin,1
surveillance,1
than,1
they,1
thinking,1
timidamente,1
timidly,1
través,1
type,1
tímidamente,1
valorar,1
value,1
vigilancia,1
when,1
year,1
contornálas,1
desarticuladas,1
revelaram,1
vivenciam,1
aptidão,1
biocentrismo,1
biocêntricos,1
cidadão,1
concretizálos,1
corolário,1
decrescimento,1
desenvolvimentista,1
deslocamento,1
incompatível,1
malefícios,1
políticoestatal,1
pósdemocracia,1
causou,1
dano,1
destinase,1
discente,1
falase,1
fornece,1
fornecida,1
ilicitude,1
ineficiente,1
interessante,1
outrem,1
praticada,1
prestados,1
rapidamente,1
reconhecidamente,1
simplesmente,1
claramente,1
consideram,1
determina,1
dezenove,1
formularam,1
incentivou,1
promoveu,1
relata,1
aludidas,1
antropologia,1
arte”,1
ativo,1
causado,1
corroborar,1
desenvolvemse,1
empregam,1
impasse,1
institucionalização,1
interseções,1
pretendidos,1
resumidamente,1
rumos,1
secundáriospalavraschave,1
“estado,1
anteriormente,1
caracterizando,1
carcerária,1
coletouse,1
compostas,1
descrevendo,1
escassas,1
gravada,1
jovem,1
mantida,1
monótona,1
pena,1
questionando,1
reclusão,1
sensorial,1
àquela,1
auxiliares,1
empirismo,1
historicidade,1
levadas,1
normatização,1
pátrios,1
questionado,1
retratem,1
solucionada,1
apta,1
cotidianas,1
desistência,1
entrelaçou,1
favoreçam,1
fundamentaisconsumeristas,1
oferecidos,1
positivas,1
publicizar,1
reforçar,1
sabor,1
alterando,1
durar,1
quesito,1
sociais”,1
“direitos,1
aprofundado,1
caracterizase,1
constituídos,1
familiaridade,1
incentivando,1
longevo,1
patamares,1
tornálo,1
abordando,1
academicistamecanicista,1
acontecer,1
acreditando,1
afetividade,1
alavanca,1
alegria,1
aluno,1
antãope,1
aprendemos,1
atrizes,1
autocrítica,1
açõesintervenções,1
bancária,1
biomédico,1
complementaridade,1
conjuntos,1
conscientizando,1
construtivas,1
contemplando,1
coresponsáveis,1
corresponsabilização,1
corrobora,1
críticareflexiva,1
críticosreflexivos,1
culturalmente,1
curativista,1
darse,1
deparamse,1
descoberto,1
desconstruindo,1
desconstrução,1
desfazendo,1
despertados,1
dialogando,1
dicotomia,1
dinâmico,1
direcionase,1
disponibilização,1
doente,1
duro,1
duvidas,1
elaborando,1
enfraquecendo,1
enraigados,1
ensinando,1
ensinoserviçocomunidade,1
estabelecendo,1
estereótipos,1
estreitamente,1
estudante,1
exaltando,1
executando,1
extraordinário,1
firmando,1
fisionomia,1
fomentando,1
formar,1
fragmentando,1
generalistas,1
graduando,1
gratificante,1
horizontalização,1
humanistas,1
humanização,1
implicação,1
impulsionamos,1
incapazes,1
indescritivelmente,1
influenciada,1
integrando,1
interdisciplinaridades,1
interpessoais,1
intuído,1
laços,1
lento,1
libertadora,1
limitante,1
mediando,1
multiplicidade,1
métrica,1
mútua,1
olhamos,1
oportunizando,1
oportunizaram,1
opressões,1
papeis,1
participando,1
pautadas,1
petsaúde,1
planejando,1
plural,1
poderoso,1
possibilitaram,1
posturas,1
potencialidade,1
potencializadoras,1
prazeroso,1
preceptores,1
preconceitos,1
pretensões,1
profissionalsocial,1
profissões,1
propiciou,1
prósaúde,1
reabilitação,1
reafirmando,1
realizável,1
reconstruindo,1
recíproca,1
reflexivos,1
relevando,1
resolutividade,1
ressignificando,1
rompe,1
rostos,1
semanalmente,1
sensibilizando,1
serviçoscomunidade,1
suscitando,1
tecnicistas,1
teoriaprática,1
terçasfeiras,1
teçamos,1
transformando,1
uniprofissional,1
usufruindo,1
valorizando,1
ver,1
vinculadas,1
ás,1
ângulos,1
óptica,1
ampliado,1
contar,1
realize,1
terceirizado,1
abrange,1
abrangeram,1
atravessam,1
categorizar,1
considere,1
discutidas,1
genérica,1
incerteza,1
jornal,1
multifatorial,1
permearam,1
realidades,1
rituais,1
saídas,1
subtemas,1
trecheiro,1
vinculandose,1
adaptar,1
adaptarse,1
consistiria,1
exclui,1
homemalimentosociedade,1
imerso,1
latifundiário,1
monocultor,1
persistir,1
acrescentou,1
discutirá,1
pidesc,1
boxplot,1
correlacionar,1
deoutlierspor,1
gráficos,1
tomate,1
aprofundase,1
críticojurídico,1
engenhosidade,1
raciocínio,1
salvaguardar,1
senado,1
sócioambientais,1
trâmite,1
mineiros,1
preocupante,1
humanos”,1
mestre,1
sensu,1
stricto,1
“serviço,1
identifica,1
intangibilidade,1
limitador,1
preservar,1
proteger,1
aludida,1
asociacion,1
cadastrais,1
casos,1
contencioso,1
fronteira,1
hectares,1
honhat,1
ilegal,1
inédita,1
julgado,1
lhaka,1
lotes,1
miembros,1
ocorria,1
proferida,1
província,1
responsabilizações,1
rivadavia,1
salta,1
situados,1
utilizarseá,1
vigoraram,1
vítima,1
acoberta,1
afetada,1
alagoas,1
devisitação,1
dispõem,1
epesquisa,1
famíliasa,1
indisponibilidade,1
pariconha,1
pesquisada,1
pesquisarealizada,1
afastamento,1
atenta,1
colégios,1
definidos,1
deram,1
determinou,1
embasado,1
entregues,1
equilibrada,1
gerenciado,1
gestora,1
preocupada,1
proporciona,1
sazonalidade,1
suspensas,1
debruça,1
nele,1
aprendizagens,1
aumentaramse,1
cadernos,1
criatividade,1
eficientes,1
fazeres,1
jara,1
levar,1
machadinha,1
mediadas,1
oscar,1
quissamãrj,1
quiz,1
remanescente,1
repensadas,1
vividas,1
vídeo,1
vínculo,1
agroecológicasutilizamos,1
atreladas,1
audiovisualademais,1
cearense,1
determinações,1
fotográficos,1
localização,1
níveislocais,1
objetivamos,1
remetem,1
simbólicas,1
gerando,1
imunidade,1
iniciouse,1
nocivos,1
perdas,1
qualitativamente,1
acometeu,1
aprovado,1
associado,1
atua,1
constante,1
encontram,1
forneçam,1
ocorra,1
paisresponsáveis,1
perpetuação,1
semiestruturados,1
significância,1
única,1
aferir,1
delimitando,1
exercíciofinanceiro,1
inviabilizam,1
submetido,1
acre,1
acrelândia,1
apresentamse,1
biosociocultural,1
identificado,1
interpretativo,1
maximizar,1
ocidental,1
repensar,1
agriculta,1
alteradas,1
funcionando,1
guardam,1
interligam,1
modificaram,1
relacionálas,1
variações,1
bom,1
connectionlinevi,1
fornecidas,1
inadequações,1
poderá,1
péssimo,1
ruim,1
suscetíveis,1
ótimo,1
africanos,1
analisando,1
arroladas,1
colonizadores,1
corresponde,1
encontramos,1
estatístico,1
estende,1
mensuram,1
negro,1
parda,1
particularizar,1
pormenorizalo,1
portais,1
propaga,1
retratar,1
secular,1
temporais,1
diferenciação,1
indicadoresfim,1
indistintamente,1
terceirização,1
antitruste,1
autoridade,1
catalisar,1
constitutivo,1
desempenha,1
detida,1
elos,1
examina,1
examinamos,1
ferramentade,1
horizontais,1
limitar,1
sobreposições,1
típicos,1
variáveischave,1
verticais,1
beneficiar,1
incentive,1
resumimos,1
abstractthis,1
address,1
addressed,1
any,1
appearance,1
apresentarseá,1
arrays,1
before,1
broadly,1
characterization,1
claim,1
complex,1
concentrate,1
concepts»,1
containment,1
contributing,1
demands,1
democratic,1
equacionamento,1
equationing,1
especulativo,1
essential,1
excesses,1
excessos,1
expectations,1
exposure,1
finally,1
forms,1
inductive,1
initially,1
interests,1
irrestrita,1
juridical,1
like,1
market,1
matrizes,1
moment,1
must,1
near,1
necessary,1
needs,1
operacionalizado,1
overall,1
perspective,1
power,1
precede,1
pretensão,1
primary,1
projection,1
projeção,1
proposition,1
propositura,1
protected,1
realizáveis,1
reclamam,1
regulaçãoregulamentação,1
relationship,1
relevant,1
require,1
responsibilities,1
satisfaction,1
spaces,1
speculative,1
strengthening,1
technique,1
too,1
towards,1
transnacional,1
transnational,1
tutelado,1
unrestricted,1
water,1
«operational,1
criticado,1
desejado,1
distributiva,1
encontrava,1
encontravam,1
incapaz,1
insuficiente,1
levaram,1
oral,1
ostomias,1
percebidas,1
políticojurídico,1
posição,1
racionalidade,1
usadas,1
adafsfaammpfam,1
administrativa,1
dap,1
editais,1
enviado,1
gastos,1
mencionase,1
publicar,1
sequenciada,1
aliado,1
consciente,1
exportadores,1
manuseio,1
acompanhado,1
alguma,1
alimentase,1
antropológico,1
aprisionamento,1
cedo,1
comemos,1
contribuído,1
escolher,1
estratificação,1
fast,1
gosto,1
homogêneo,1
limitarse,1
morais,1
porque,1
produz,1
reduz,1
repetidamente,1
respinga,1
riquezas,1
saboreada,1
temperada,1
transformam,1
transmite,1
étnicos,1
alunoeducando,1
colocar,1
detém,1
especializado,1
ignorados,1
inscritos,1
monopoliza,1
participe,1
propiciaram,1
secundarizados,1
transformadora,1
usual,1
ataque,1
baliza,1
comportase,1
conjugado,1
cooperativo,1
empreitada,1
excluídos,1
famintos,1
fraterna,1
geradora,1
inegável,1
merece,1
multifacetada,1
pretendia,1
puramente,1
resguardar,1
significando,1
sobressaiam,1
vigora,1
integradora,1
ocupado,1
orientada,1
políticoinstitucional,1
alunado,1
cecaneunirio,1
disseminaram,1
eex,1
impostos,1
ocorreram,1
remota,1
agravaram,1
destacaramse,1
enfretamento,1
inglês,1
integra,1
português,1
representou,1
afirmaram,1
assegurados,1
convenção,1
devidamente,1
punição,1
separado,1
acompanhe,1
cumpre,1
destinem,1
movimenta,1
sigpc,1
sigpcacesso,1
suprindo,1
transparente,1
antropométrica,1
categóricas,1
pearson,1
socioassistenciais,1
conseguiria,1
descanso,1
devida,1
disposto,1
fins,1
forçados,1
protetivas,1
íntegra,1
concentrador,1
provocado,1
sistematizada,1
tornamse,1
visar,1
abre,1
acessível,1
adversidades,1
alternativo,1
atravessadores,1
atrelado,1
atualizadas,1
crônica,1
detrimento,1
emancipada,1
esperanças,1
funcionamento,1
imediatos,1
paísescomunidades,1
portas,1
projeta,1
trazem,1
consumidoras,1
debatidas,1
estipuladas,1
garantidores,1
conformam,1
desempenham,1
préhistória,1
préhistóricas,1
valendose,1
épocas,1
apontamentos,1
colocam,1
corroboram,1
desdobramentos,1
enquadramentos,1
entrelaçamentos,1
fundamentam,1
incorporados,1
multiescalar,1
socioespaço,1
abertura,1
aprovadas,1
congresso,1
debateram,1
distribuem,1
fases,1
reajuste,1
sobressaíram,1
universalização,1
atendam,1
exibe,1
favelas,1
feira,1
provocada,1
prováveis,1
recrudescer,1
uerj,1
disparidade,1
distritais,1
emitidas,1
prevaleceram,1
prévia,1
verificados,1
aduz,1
comparativa,1
concliuse,1
excessivo,1
impedir,1
inaugural,1
investiga,1
norma,1
permitida,1
pontencial,1
postulado,1
postulados,1
restritiva,1
artesanal,1
brincadeiras,1
cerâmica,1
colagens,1
descontraída,1
emilio,1
estimuladas,1
músicas,1
préescolares,1
terem,1
utilitários,1
“alimentação”,1
beneficiados,1
beneficiáriosreferiram,1
cadastramento,1
condicionaram,1
contribuidoras,1
encontravamse,1
epidata,1
explicado,1
fornecia,1
limeira,1
localmente,1
mostraramse,1
objetivoinvestigar,1
tardio,1
tornavam,1
compartilham,1
efetuação,1
exames,1
explanado,1
palestras,1
passiva,1
prestado,1
reprodutivos,1
rápidos,1
sexuais,1
anticolonialista,1
antirracista,1
aprofundou,1
assumimos,1
autor,1
climático,1
colonialismo,1
decolonial,1
determinismo,1
direções,1
fatalistas,1
prenunciou,1
raça,1
thomas,1
traço,1
dieese,1
inflacionários,1
perceber,1
relacionando,1
achille,1
analisaremos,1
conjunção,1
contratempos,1
deixam,1
exacerbados,1
feminização,1
lastro,1
mbembe,1
periféricas,1
pretas,1
remunerado,1
sobrecarga,1
sujeição,1
utilizaremos,1
capitaneada,1
cento,1
dilema,1
débil,1
encarados,1
estágio,1
explicitando,1
holística,1
implemento,1
indivisível,1
interamericano,1
jurídicas,1
justifica,1
oea,1
otimização,1
peru”,1
programática,1
ratificada,1
responsabilizar,1
reticente,1
teerã,1
viena,1
vive,1
âmbitos,1
“largos,1
adicionais,1
caracterizada,1
dapluralidade,1
definem,1
examinados,1
migratórios,1
persistente,1
preconceito,1
subjetivos,1
ampliadas,1
cartográficas,1
comparar,1
constatado,1
convivendo,1
inúmeras,1
localidades,1
monetárias,1
necessitados,1
redação,1
teoricamente,1
consagram,1
elencase,1
eletrônicos,1
evoluindo,1
exerce,1
levantouse,1
língua,1
privilegiado,1
propício,1
afronta,1
aniquilar,1
armas,1
armazenadas,1
deriva,1
ganho,1
guerras,1
imensas,1
indústrias,1
inimigas,1
leves,1
surgindo,1
tropas,1
veem,1
veneno,1
vir,1
burguesia,1
cobra,1
concede,1
conceder,1
fração,1
generosas,1
generosos,1
incentivos,1
latifúndio,1
produtora,1
receita,1
renúncias,1
rfb,1
tributa,1
tributos,1
tributárias,1
adequou,1
açúcares,1
bebida,1
calculadas,1
coletadas,1
determinados,1
energético,1
excedendo,1
exceção,1
lipídico,1
planejado,1
preconizadas,1
premissas,1
proteico,1
recebem,1
ricos,1
satisfazer,1
semana,1
sobremesa,1
sólida,1
tabelas,1
taco,1
tbca,1
ultrapassaram,1
universalizado,1
absence,1
accumulation,1
alface,1
alfaces,1
allowed,1
alter,1
apoiam,1
aristotle,1
aristóteles,1
certainty,1
chemical,1
compromising,1
concerning,1
consumers,1
content,1
conventional,1
crop,1
different,1
does,1
folhas,1
futuramente,1
guide,1
hidropônicas,1
hortaliça,1
hydroponic,1
impede,1
inductivedeductive,1
indutivodedutivo,1
ingested,1
investigated,1
involves,1
ion,1
leaves,1
lettuce,1
lettuces,1
making,1
orgânicas,1
permitidos,1
prevent,1
producers,1
productivity,1
produtividade,1
properties,1
realization,1
servem,1
subject,1
subsidize,1
suit,1
violam,1
violate,1
yields,1
íon,1
arrecadação,1
caldasmg,1
campanhas,1
caracterizamse,1
caracterizandose,1
devidas,1
distribuições,1
internos,1
manuais,1
situacional,1
adotou,1
associando,1
capacitado,1
desafiadoras,1
fazem,1
frequenta,1
integrante,1
psiquiátrica,1
psíquico,1
raps,1
residenciais,1
sabendo,1
srt,1
substitutivos,1
terapêuticos,1
tornandose,1
voltas,1
atentar,1
conferido,1
contemplado,1
contratações,1
destinam,1
diferenciadas,1
fortalecem,1
lograr,1
peculiaridades,1
êxito,1
abrangida,1
beneficiado,1
determinaram,1
expressivos,1
formular,1
garantiram,1
habilitassem,1
inovou,1
permaneceu,1
politica,1
acompanhar,1
aumente,1
concordam,1
instrução,1
visem,1
antonina,1
efetivador,1
eleitos,1
eleições,1
guaraqueçaba,1
guaratuba,1
implantados,1
lacuna,1
litoral,1
matinhos,1
morretes,1
paranaguá,1
pontal,1
prefeito,1
revisões,1
burlandy,1
conseguem,1
foramg,1
luciene,1
plenárias,1
ufjf,1
baixada,1
caxiense,1
ccaic,1
creche,1
creches,1
cristalização,1
delineamos,1
diagnóstica,1
dilemas,1
extrapolando,1
fisicalista,1
fluminense,1
multidimensionalidade,1
naturalizando,1
preconceituoso,1
tensões,1
traduzido,1
vislumbramos,1
acessadas,1
comparativamente,1
cumpriu,1
desempenhado,1
estabilização,1
estruturador,1
executados,1
exportador,1
fortaleceu,1
fragmentada,1
inflação,1
mecanismo,1
mostrase,1
pontual,1
subalternas,1
supere,1
advinda,1
anexada,1
colombiano,1
critica,1
espoliação,1
investigamos,1
juan,1
lugares,1
marginalizados,1
negros,1
palenqueira,1
palma,1
palos,1
prieto,1
propomos,1
reconhecimentos,1
relegou,1
restringe,1
étnico,1
afinidade,1
decretação,1
pandêmicos,1
prejudicadas,1
restado,1
searas,1
articulase,1
concessão,1
estruturantes,1
fornecedoras,1
ousado,1
prosperidade,1
recorrese,1
acompanhamentos,1
aferições,1
balcão,1
confrontados,1
cvs,1
duração,1
encarcerados,1
espaçadas,1
expostos,1
horários,1
independente,1
inferiores,1
inocuidade,1
manhã,1
medições,1
máximo,1
permanecendo,1
preconizada,1
privativa,1
proteínas,1
quentes,1
revelam,1
tarde,1
térmico,1
≤,1
analisouseos,1
chefiadas,1
citação,1
constatação,1
convergências,1
direct®,1
divergências,1
emergentes,1
inegáveis,1
inglesa,1
interferência,1
palavras,1
potencializando,1
ratificaram,1
referidos,1
relacionem,1
scielo®,1
selecionaramse,1
vislumbrando,1
concentra,1
definidores,1
destacada,1
dotada,1
explícitas,1
formado,1
mutação,1
orientadas,1
paralelamente,1
produtivas,1
xix,1
contrária,1
destrutivo,1
disponibilizou,1
escolhida,1
estima,1
latinoamericanas,1
latinoamericano,1
neoimperialismo,1
observada,1
preocupantes,1
respeitos,1
subcontinente,1
subnutridas,1
viabilizaram,1
acompanhada,1
aconselhou,1
almejando,1
causados,1
coadjuvando,1
disserta,1
enfrentando,1
exarcebou,1
expandida,1
favoreceu,1
impactante,1
instalouse,1
juntas,1
solicitaramse,1
tentar,1
transfigurouse,1
vinha,1
acompanhou,1
agroexportação,1
incentivado,1
latifúndios,1
aberto,1
apresentarem,1
avaliaram,1
diferencial,1
diminuírem,1
elencadas,1
executora,1
futura,1
higiênicos,1
laboratório,1
lecera,1
positivo,1
possibilitaria,1
pretendeuse,1
semiestruturado,1
submetessem,1
viabilização,1
anunciados,1
armada,1
artifícios,1
correspondências,1
demonstro,1
destinada,1
desvalidos,1
disciplinarizar,1
dissertaremos,1
diversospalavraschave,1
elias,1
estruturamos,1
existia,1
fardamento,1
filósofo,1
funcionava,1
higienistas,1
internato,1
marinha,1
marujos,1
masculino,1
meninos,1
mensagens,1
médicas,1
norbert,1
oficialmente,1
ofícios,1
presidenciais,1
pôr,1
quão,1
religiosa,1
república,1
sergipana,1
servissem,1
sociólogo,1
soldo,1
tornalos,1
viveiro,1
órfãos,1
úteis,1
dores,1
doutrinas,1
elencandose,1
essência,1
foge,1
incentivadas,1
inexiste,1
irredutível,1
limitadas,1
manifestar,1
obtém,1
pesquisados,1
posicionarse,1
psicológicas,1
tentativas,1
terminam,1
uruguai,1
vitalidade,1
zelar,1
zoonoses,1
alvenaria,1
apresentava,1
apresentavam,1
comparadas,1
comparando,1
contínuas,1
curta,1
desastre,1
despesas,1
esgoto,1
estrato,1
fossa,1
investigadas,1
proporções,1
quitados,1
reparadoras,1
revestimento,1
rudimentar,1
àquelas,1
afirmações,1
aventuras,1
competências,1
desenvolveram,1
dito,1
especialistas,1
gravação,1
infanto,1
juvenil,1
literaturizeando,1
socialização,1
textual,1
teóricometodológicos,1
típicas,1
verdade”,1
clarificar,1
coletar,1
colonial,1
correspondente,1
decênios,1
definirem,1
descartados,1
desrespeito,1
enriquecimento,1
entrelaçadas,1
equitativo,1
estrita,1
estuda,1
expressassem,1
interdependência,1
intrínsecas,1
mormente,1
outrossim,1
precedem,1
procurouse,1
abordou,1
acentuou,1
aumentos,1
avaliando,1
discrepância,1
eficazes,1
equilibrar,1
expõe,1
flutuações,1
impactando,1
pagos,1
proeminentes,1
alimentaraplicouse,1
amplos,1
analisem,1
assegurada,1
autodeclaradospardos,1
bamétodos,1
conclusãoa,1
constituise,1
demográficos,1
dosmembros,1
estatísticas,1
estudotransversal,1
famíliasassistidas,1
famíliasobservou,1
jequié,1
osoftware,1
presencial,1
questionáriopreviamente,1
socialobjetivo,1
sério,1
validadopara,1
abriga,1
aniversário,1
anotações,1
brilhante,1
celebrase,1
comemorações,1
competentes,1
comprometidos,1
dietistasnutricionistas,1
gastronomia,1
jubileu,1
narrar,1
reitera,1
resoluçõesleisdecretos,1
sudeste,1
tecnicamente,1
época,1
“perspectivas”,1
asa,1
associamse,1
barreiro,1
calçadão,1
cisterna,1
desencadeiase,1
dessedentação,1
gibóia,1
implementado,1
irregularidades,1
pesquisadas,1
pinha,1
pluviométricas,1
políticopedagógico,1
precipitações,1
racional,1
ratificou,1
residente,1
retirolândia,1
retrata,1
semiárida,1
sisal,1
trincheira,1
apuradas,1
atribuição,1
comissão,1
conseasp,1
conselheiro,1
crsans,1
deliberativo,1
privilégio,1
reavaliação,1
absorção,1
absorçãoatômica,1
acoplado,1
adubação,1
amostradas,1
amostragem,1
atingida,1
atômica,1
biofortificar,1
brs,1
camadas,1
compor,1
comumente,1
cultivadas,1
cultivares,1
custobenefício,1
dedicase,1
digestão,1
espectrometria,1
farinha,1
favorecida,1
feroz,1
fertilizantes,1
fluorescência,1
globalmente,1
grandemente,1
icp,1
indutivamente,1
ingrediente,1
majoritária,1
moído,1
nenhuma,1
oculta,1
plasma,1
portáteis,1
quantificado,1
quantificação,1
quarteada,1
raios,1
recebido,1
sensível,1
substituir,1
tecido,1
uniformes,1
vegetal,1
bacharelado,1
deficiência,1
formativo,1
hiperdia,1
interativa,1
lúdico,1
ministrada,1
prazerosa,1
promovido,1
proporcionandolhes,1
repertório,1
reportaramse,1
rótulos,1
vislumbrada,1
visual,1
aceito,1
acidentes,1
aconteceu,1
almofadas,1
atrativa,1
auditivas,1
batata,1
bucal,1
caixas,1
capacitações,1
caracterizados,1
celulares,1
chapeuzinho,1
cognitivas,1
coloridas,1
colorido,1
comportamentos,1
conduzindo,1
conduzir,1
conhecerse,1
contextualizando,1
conto,1
convite,1
crack,1
criativo,1
cunha,1
dadas,1
dentistas,1
desenhos,1
detalhes,1
dialogada,1
direcionada,1
dividir,1
eleger,1
empregarem,1
empregou,1
empregálas,1
encenação,1
enfatizados,1
enfermeiros,1
envolvesse,1
eps,1
espalhadas,1
estruturada,1
expositiva,1
expôs,1
fantoches,1
flúor,1
focar,1
gigante”,1
gomide,1
guardados,1
habilitado,1
ilustrar,1
incentivar,1
inez,1
infecciosas,1
inscrito,1
inscrições,1
instrumentalizar,1
integrar,1
istaids,1
lançado,1
mafra,1
mafrasc,1
marcantes,1
mediador,1
mediadora,1
mediar,1
monstros,1
motivadora,1
motivados,1
multidisciplinar,1
multimídia,1
multiplicariam,1
nutritivo,1
oferecidas,1
oliveira,1
parasitárias,1
paula,1
personagem,1
poderia,1
pontes,1
posicionarem,1
preparado,1
prevenida,1
princesas,1
programação,1
projetor,1
puderam,1
pudessem,1
quente,1
reducionismo,1
reprodutivo,1
sentados,1
sentimos,1
simplificados,1
sinais,1
substância,1
superheróis,1
teatro,1
toque,1
tópica,1
ubs,1
vermelho,1
vestir,1
vivenciando,1
vivenciar,1
éticopolíticopedagógica,1
“desatando,1
“tabuleiro,1
abordaram,1
abrangeu,1
aceitos,1
agradecer,1
agregação,1
agroenergia,1
agroflorestaisxd,1
agroflorestais”,1
agronegócioxd,1
agropecuáriaxd,1
agrotóxico,1
agrários,1
alimentosxd,1
ambientaisxd,1
americanos,1
anais,1
antiglobalização,1
apreciou,1
apresentações,1
aproveita,1
aquáticos,1
ater,1
axiomáticas,1
bacias,1
bacias”,1
baseados,1
binacional,1
campesina,1
camponês,1
campoxd,1
campo”,1
caros,1
ciliar”,1
comporem,1
conceituados,1
consistência,1
contato,1
contemporaneidade,1
contrahegemônico”,1
convergentes,1
criminalização,1
cumprilo,1
cândido,1
córregos,1
dedicam,1
diagnósticosxd,1
discutiu,1
divididas,1
doutorandos,1
embrapa,1
empreendedorismo,1
energéticos,1
enfocados,1
enquadramento,1
enviados,1
envolvessem,1
epistemológicas,1
etnosociocultural,1
eventoxd,1
explicitar,1
extensionistas,1
fitosxd,1
florestal,1
formatação,1
fortalecidos,1
fronteiras,1
fundamentados,1
gestão”,1
globalizaçãoxd,1
hidrográficas,1
homeopatia,1
horta,1
hídrica,1
hídricos,1
iguaçupr,1
impactosefeitos,1
inclusiva,1
industrialização,1
indígenas”,1
informados,1
informativo,1
infraestrutura,1
instituídos,1
intergeracionais,1
itaipu,1
latina”,1
latino,1
leitores,1
longas,1
mandala,1
marechal,1
mesas,1
mineração,1
montanhas,1
montanos,1
méxico,1
nascentes,1
oportunizou,1
orais,1
oralidade,1
paisagens,1
pantanal,1
parceirasxd,1
parceirosxd,1
pesca,1
pescadores,1
poluição,1
praxiológicas,1
primas,1
providenciouse,1
proximidade,1
publica,1
pósevento,1
pósgraduandos,1
racionalização,1
relatado,1
repasse,1
resiliência,1
reunir,1
reuniu,1
revistas,1
rios,1
rondonpr,1
ruraisxd,1
ruralidade,1
ruralidades,1
ruralidades”,1
ruralxd,1
rural”,1
saberfazer,1
seguiram,1
seguras,1
sirvam,1
socialxd,1
solidária”,1
soluções,1
submissãoxd,1
substituição,1
sucessão,1
sócias,1
temaxd,1
territorialidadexd,1
trabalhada,1
trabalhado,1
tratou,1
unioeste,1
urbanos”,1
venham,1
vincular,1
visados,1
voltaram,1
“agroecologia”,1
“agropecuária,1
“cooperativismo,1
“extensão,1
“inovações,1
“mata,1
“movimentos,1
“territórios,1
“águas,1
